Date of arrival,Column1,Gender,Age  in years,Mode of arrival,"if Transferred from another hospital, what is the date & time of request for transfer?","if Transferred from another hospital, what is the date & time of arrival?",Transfer to Arrival Time,Mechanism of trauma?,Systolic Blood Pressure,Glasgow Coma Scale,Respiratory Rate,Head and Neck ,Face,Chest,Abdomen,Extremities,External,ISS Score,ED disposition?,Survival Probability,Facility name,cluster
1/1/2025,,M,82,By Private car/walk-in,,,,Blunt,150,15,18,Minor (All Other Injuries),No injury,Minor (All Other Injuries),No injury,No injury,No injury,2,Discharged home,98%,Alreath General Hospital,Jazan health directorate
1/1/2025,,F,2,Transferred from another hospital,1/1/25 0:00,1/1/25 1:40,1:40,Penetrating,98,15,22,No injury,No injury,No injury,No injury,No injury,Moderate: 2nd or 3rd degree burns involving 10% to 19% Total Body Surface,4,Admission,99%,King Fahd Central Hospital in Jazan,Jazan health directorate
1/1/2025,,M,2,Transferred from another hospital,1/1/25 2:59,1/1/25 4:53,1:54,Penetrating,97,15,24,No injury,No injury,No injury,No injury,No injury,Minor (All Other Injuries),1,Admission,99%,King Fahd Central Hospital in Jazan,Jazan health directorate
1/1/2025,,F,39,By Red crescent,,,,Blunt,123,15,17,No injury,No injury,Moderate: Sternal fracture,No injury,Moderate: Fractures (upper or lower extremity) not open,No injury,8,Admission,99%,King Fahd Central Hospital in Jazan,Jazan health directorate
1/1/2025,,M,24,By Private car/walk-in,,,,Blunt,118,15,16,No injury,No injury,No injury,Moderate: Spleen laceration less than 3 cm deep ,Moderate: Fractures (upper or lower extremity) not open,No injury,8,Admission,99%,King Fahd Central Hospital in Jazan,Jazan health directorate
1/2/2025,,M,43,Transferred from another hospital,2/1/25 16:50,2/1/25 18:30,1:40,Penetrating,126,15,19,No injury,No injury,No injury,No injury,Serious: Open Fractures (upper or lower extremity),No injury,9,Admission,99%,King Fahd Central Hospital in Jazan,Jazan health directorate
1/2/2025,,M,62,Transferred from another hospital,2/1/25 21:02,2/1/25 22:53,1:51,Blunt,134,15,16,Critical: C4 or below causing complete cord transection or contusion,No injury,No injury,No injury,No injury,No injury,25,Admission,89%,King Fahd Central Hospital in Jazan,Jazan health directorate
1/2/2025,,M,32,By Red crescent,,,,Blunt,107,3,20,Severe: Moderate Brain Edema (Compressed ventricles and brain stem cisterns),Minor (All Other Injuries),Minor (All Other Injuries),Serious: Liver laceration more than 3 cm deep or with major duct involvment,Minor (All Other Injuries),Minor (All Other Injuries),26,Admission,67%,Samtah General Hospital,Jazan health directorate
1/3/2025,,F,9,By Red crescent,,,,Blunt,100,15,20,No injury,No injury,No injury,No injury,Moderate: Fractures (upper or lower extremity) not open,No injury,4,Admission,100%,Beesh General Hospital,Jazan health directorate
1/3/2025,,M,44,By Red crescent,,,,Blunt,131,15,26,No injury,No injury,No injury,No injury,Moderate: Fractures (upper or lower extremity) not open,No injury,4,Discharged home,100%,Damad General Hospital,Jazan health directorate
1/3/2025,,F,5,By Private car/walk-in,,,,Penetrating,96,15,22,No injury,No injury,No injury,No injury,Minor (All Other Injuries),No injury,1,Admission,99%,King Fahd Central Hospital in Jazan,Jazan health directorate
1/3/2025,,M,38,Transferred from another hospital,3/1/25 3:01,3/1/25 4:44,1:43,Penetrating,126,15,16,No injury,No injury,No injury,No injury,Minor (All Other Injuries),No injury,1,Admission,99%,King Fahd Central Hospital in Jazan,Jazan health directorate
1/3/2025,,M,24,Transferred from another hospital,3/1/25 9:05,3/1/25 10:25,1:20,Penetrating,90,15,24,Serious: Penetrating Neck Injury with major blood loss (More than 20%),Serious: Penetrating face injury with major blood loss (more than 20%),No injury,No injury,No injury,No injury,18,Admission,98%,King Fahd Central Hospital in Jazan,Jazan health directorate
1/3/2025,,M,15,By Red crescent,,,,Penetrating,145,3,16,Unsurvivable: Massive destruction of skull and brain,No injury,"Unsurvivable: Massive Chest Crush (Bilateral Destruction of Skeletal, Vascular, and Organ Systems","Severe: Abdominal named artery or vein major rupture, transection, major bleeding",Moderate: Fractures (upper or lower extremity) not open,Minor (All Other Injuries),75,Death in ED,3%,King Fahd Central Hospital in Jazan,Jazan health directorate
1/3/2025,,M,16,By Red crescent,,,,Penetrating,132,15,17,Minor (All Other Injuries),No injury,Minor (All Other Injuries),Minor (All Other Injuries),Moderate: Fractures (upper or lower extremity) not open,No injury,6,Admission,99%,King Fahd Central Hospital in Jazan,Jazan health directorate
1/3/2025,,M,11,Transferred from another hospital,3/1/25 18:30,3/1/25 20:18,1:48,Penetrating,98,15,22,No injury,No injury,No injury,No injury,Minor (All Other Injuries),No injury,1,Admission,99%,King Fahd Central Hospital in Jazan,Jazan health directorate
1/3/2025,,M,32,Transferred from another hospital,3/1/25 19:55,3/1/25 21:10,1:15,Penetrating,136,15,17,No injury,No injury,No injury,No injury,Minor (All Other Injuries),No injury,1,Admission,99%,King Fahd Central Hospital in Jazan,Jazan health directorate
1/3/2025,,M,35,By Red crescent,,,,Penetrating,123,15,16,No injury,No injury,Minor (All Other Injuries),No injury,Serious: Open Fractures (upper or lower extremity),No injury,10,Admission,99%,King Fahd Central Hospital in Jazan,Jazan health directorate
1/4/2025,,M,41,By Private car/walk-in,,,,Penetrating,139,15,20,Minor (All Other Injuries),No injury,No injury,No injury,Moderate: Vascualr injury (upper or lower extremity) without major blood loss,Moderate: 2nd or 3rd degree burns involving 10% to 19% Total Body Surface,9,Transferred to another hospital,99%,Ahd Almasarha General Hospital,Jazan health directorate
1/4/2025,,F,56,Transferred from another hospital,4/1/25 0:00,4/1/25 1:54,1:54,Penetrating,145,15,18,No injury,No injury,No injury,No injury,No injury,Minor (All Other Injuries),1,Admission,98%,King Fahd Central Hospital in Jazan,Jazan health directorate
1/4/2025,,M,23,Transferred from another hospital,4/1/25 18:59,4/1/25 20:56,1:57,Blunt,132,15,16,No injury,Minor (All Other Injuries),No injury,No injury,Moderate: Vascualr injury (upper or lower extremity) without major blood loss,No injury,5,Admission,100%,King Fahd Central Hospital in Jazan,Jazan health directorate
1/4/2025,,F,2,By Red crescent,,,,Blunt,89,15,22,No injury,No injury,No injury,Minor (All Other Injuries),No injury,No injury,1,Admission,99%,sabya General Hospital,Jazan health directorate
1/4/2025,,M,1,By Red crescent,,,,Blunt,102,15,16,No injury,No injury,No injury,Moderate: Spleen laceration less than 3 cm deep ,No injury,No injury,4,Admission,100%,sabya General Hospital,Jazan health directorate
1/5/2025,,F,77,By Private car/walk-in,,,,Blunt,120,15,16,No injury,No injury,No injury,No injury,Minor (All Other Injuries),No injury,1,Admission,98%,Bani Malek General Hospital,Jazan health directorate
1/5/2025,,M,11,By Private car/walk-in,,,,Blunt,110,15,20,No injury,No injury,No injury,No injury,No injury,Minor (All Other Injuries),1,Discharged home,100%,Bani Malek General Hospital,Jazan health directorate
1/5/2025,,M,27,Transferred from another hospital,5/1/25 19:42,5/1/25 21:33,1:51,Penetrating,126,15,18,No injury,No injury,No injury,No injury,Minor (All Other Injuries),No injury,1,Transferred to another hospital,99%,King Fahd Central Hospital in Jazan,Jazan health directorate
1/5/2025,,M,28,Transferred from another hospital,4/1/25 23:26,5/1/25 1:30,2:04,Penetrating,110,15,24,No injury,No injury,Serious: Hemothorax,Serious: Spleen laceration more than 3 cm deep ,No injury,No injury,18,Admission,98%,sabya General Hospital,Jazan health directorate
1/6/2025,,M,20,Transferred from another hospital,6/1/25 15:02,6/1/25 16:32,1:30,Penetrating,111,15,16,No injury,No injury,No injury,No injury,No injury,Moderate: 2nd or 3rd degree burns involving 10% to 19% Total Body Surface,4,Admission,99%,King Fahd Central Hospital in Jazan,Jazan health directorate
1/6/2025,,M,15,Transferred from another hospital,6/1/25 5:44,6/1/25 7:42,1:58,Penetrating,125,15,17,No injury,No injury,No injury,No injury,No injury,Minor (All Other Injuries),1,Admission,99%,King Fahd Central Hospital in Jazan,Jazan health directorate
1/7/2025,,M,28,By Red crescent,,,,Blunt,120,15,21,No injury,No injury,No injury,No injury,Minor (All Other Injuries),No injury,1,Discharged home,100%,Bani Malek General Hospital,Jazan health directorate
1/7/2025,,F,1,Transferred from another hospital,7/1/25 17:26,7/1/25 18:26,1:00,Penetrating,89,15,22,No injury,No injury,No injury,No injury,No injury,Minor (All Other Injuries),1,Admission,99%,King Fahd Central Hospital in Jazan,Jazan health directorate
1/7/2025,,F,69,By Red crescent,,,,Blunt,126,15,16,No injury,No injury,No injury,No injury,Moderate: Fractures (upper or lower extremity) not open,No injury,4,Admission,98%,King Fahd Central Hospital in Jazan,Jazan health directorate
1/7/2025,,M,25,By Red crescent,,,,Blunt,123,15,20,Minor (All Other Injuries),Minor (All Other Injuries),Minor (All Other Injuries),No injury,No injury,No injury,3,Discharged home,100%,sabya General Hospital,Jazan health directorate
1/7/2025,,M,93,By Red crescent,,,,Blunt,118,15,18,No injury,No injury,Minor (All Other Injuries),No injury,No injury,No injury,1,Admission,98%,sabya General Hospital,Jazan health directorate
1/8/2025,,M,13,By Red crescent,,,,Blunt,100,15,18,No injury,No injury,No injury,No injury,Moderate: Fractures (upper or lower extremity) not open,No injury,4,Admission,100%,Beesh General Hospital,Jazan health directorate
1/8/2025,,M,30,By Red crescent,,,,Blunt,97,15,18,No injury,No injury,No injury,Moderate: Liver laceration less than 3 cm deep ,Moderate: Vascualr injury (upper or lower extremity) without major blood loss,No injury,8,Admission,99%,King Fahd Central Hospital in Jazan,Jazan health directorate
1/8/2025,,M,60,By Private car/walk-in,,,,Blunt,138,15,16,No injury,No injury,No injury,No injury,Moderate: Fractures (upper or lower extremity) not open,No injury,4,Admission,98%,King Fahd Central Hospital in Jazan,Jazan health directorate
1/8/2025,,M,31,Transferred from another hospital,8/1/25 21:55,8/1/25 23:07,1:12,Penetrating,132,15,16,No injury,Minor (All Other Injuries),No injury,No injury,No injury,Severe: 2nd or 3rd degree burns involving 30% to 39% Total Body Surface,17,Admission,98%,King Fahd Central Hospital in Jazan,Jazan health directorate
1/9/2025,,M,17,By Private car/walk-in,,,,Penetrating,110,15,18,No injury,No injury,No injury,Minor (All Other Injuries),No injury,No injury,1,Transferred to another hospital,99%,Bani Malek General Hospital,Jazan health directorate
1/9/2025,,M,40,By Private car/walk-in,,,,Penetrating,122,15,16,No injury,No injury,No injury,No injury,Serious: Open Fractures (upper or lower extremity),No injury,9,Admission,99%,King Fahd Central Hospital in Jazan,Jazan health directorate
1/9/2025,,M,4,Transferred from another hospital,9/1/25 5:05,9/1/25 6:06,1:01,Blunt,89,8,22,Minor (All Other Injuries),No injury,No injury,Minor (All Other Injuries),No injury,No injury,2,Admission,97%,King Fahd Central Hospital in Jazan,Jazan health directorate
1/9/2025,,M,70,By Private car/walk-in,,,,Penetrating,142,15,18,No injury,No injury,No injury,No injury,Moderate: Amputation at wrist or ankle,No injury,4,Admission,98%,King Fahd Central Hospital in Jazan,Jazan health directorate
1/9/2025,,F,44,By Private car/walk-in,,,,Penetrating,125,15,16,No injury,No injury,No injury,No injury,Minor (All Other Injuries),No injury,1,Admission,99%,King Fahd Central Hospital in Jazan,Jazan health directorate
1/10/2025,,M,43,By Red crescent,,,,Blunt,168,15,16,Minor (All Other Injuries),Minor (All Other Injuries),No injury,No injury,Minor (All Other Injuries),No injury,3,Admission,100%,Alarda General Hospital,Jazan health directorate
1/10/2025,,M,23,By Red crescent,,,,Blunt,149,15,17,Minor (All Other Injuries),Minor (All Other Injuries),No injury,No injury,Minor (All Other Injuries),No injury,3,Admission,100%,Alarda General Hospital,Jazan health directorate
1/10/2025,,F,11,Transferred from another hospital,10/1/25 0:00,10/1/25 1:55,1:55,Blunt,98,14,20,Severe: Open or depressed skull fracture,No injury,No injury,No injury,No injury,No injury,16,Admission,99%,King Fahd Central Hospital in Jazan,Jazan health directorate
1/10/2025,,M,24,Transferred from another hospital,10/1/25 9:02,10/1/25 10:06,1:04,Blunt,133,4,22,Serious: Mild Brain Edema (Compressed ventricles without brain stem cisterns),No injury,No injury,No injury,No injury,No injury,9,Admission,95%,King Fahd Central Hospital in Jazan,Jazan health directorate
1/10/2025,,F,88,By Private car/walk-in,,,,Blunt,142,15,18,No injury,No injury,No injury,No injury,Moderate: Fractures (upper or lower extremity) not open,No injury,4,Admission,98%,King Fahd Central Hospital in Jazan,Jazan health directorate
1/10/2025,,F,59,Transferred from another hospital,10/1/25 11:00,10/1/25 12:04,1:04,Penetrating,124,8,22,No injury,No injury,No injury,No injury,Serious: Open Fractures (upper or lower extremity),Critical: 2nd or 3rd degree burns involving 40% to 90% Total Body Surface,34,Admission,51%,King Fahd Central Hospital in Jazan,Jazan health directorate
1/11/2025,,M,18,By Red crescent,,,,Blunt,132,15,20,No injury,No injury,No injury,No injury,Moderate: Fractures (upper or lower extremity) not open,No injury,4,Admission,100%,Ahd Almasarha General Hospital,Jazan health directorate
1/11/2025,,M,31,By Red crescent,,,,Blunt,143,15,19,Minor (All Other Injuries),No injury,No injury,No injury,No injury,No injury,1,Discharged home,100%,Alarda General Hospital,Jazan health directorate
1/11/2025,,F,2,By Red crescent,,,,Blunt,100,15,30,No injury,No injury,No injury,No injury,Moderate: Fractures (upper or lower extremity) not open,No injury,4,Admission,100%,Beesh General Hospital,Jazan health directorate
1/11/2025,,M,16,Transferred from another hospital,11/1/25 5:05,11/1/25 7:04,1:59,Blunt,126,8,22,Minor (All Other Injuries),No injury,No injury,No injury,No injury,No injury,1,Admission,99%,King Fahd Central Hospital in Jazan,Jazan health directorate
1/11/2025,,M,5,By Red crescent,,,,Blunt,98,3,22,Serious: Mild Brain Edema (Compressed ventricles without brain stem cisterns),No injury,Severe: Pneumothorax (50% lung collapse on x-ray),Minor (All Other Injuries),No injury,No injury,26,Admission,67%,King Fahd Central Hospital in Jazan,Jazan health directorate
1/11/2025,,M,25,Transferred from another hospital,11/1/25 20:02,11/1/25 21:49,1:47,Blunt,111,8,22,"Moderate: Tiny Epidural, Subdural, or Intracerebral  Hematoma",Minor (All Other Injuries),No injury,No injury,Moderate: Fractures (upper or lower extremity) not open,No injury,9,Admission,97%,King Fahd Central Hospital in Jazan,Jazan health directorate
1/12/2025,,M,44,By Red crescent,,,,Blunt,113,10,24,Minor (All Other Injuries),Minor (All Other Injuries),Minor (All Other Injuries),Minor (All Other Injuries),Minor (All Other Injuries),Minor (All Other Injuries),3,Transferred to another hospital,99%,Aldarb General Hospital,Jazan health directorate
1/12/2025,,M,34,By Red crescent,,,,Blunt,124,13,20,Minor (All Other Injuries),No injury,No injury,No injury,Minor (All Other Injuries),Minor (All Other Injuries),3,Admission,100%,Aldarb General Hospital,Jazan health directorate
1/12/2025,,M,27,By Private car/walk-in,,,,Penetrating,134,15,14,No injury,No injury,No injury,Minor (All Other Injuries),Minor (All Other Injuries),No injury,2,Transferred to another hospital,99%,Alhorath General Hospital,Jazan health directorate
1/12/2025,,M,21,By Private car/walk-in,,,,Penetrating,94,15,18,No injury,No injury,No injury,No injury,Minor (All Other Injuries),No injury,1,Transferred to another hospital,99%,Bani Malek General Hospital,Jazan health directorate
1/12/2025,,F,40,Transferred from another hospital,12/1/25 10:01,12/1/25 11:09,1:08,Blunt,124,15,18,No injury,No injury,Severe: Aortic injury (intimal tear),No injury,Minor (All Other Injuries),No injury,17,Admission,99%,King Fahd Central Hospital in Jazan,Jazan health directorate
1/12/2025,,M,19,Transferred from another hospital,12/1/25 8:00,12/1/25 9:40,1:40,Blunt,114,15,18,"Moderate: Tiny Epidural, Subdural, or Intracerebral  Hematoma",No injury,No injury,No injury,No injury,No injury,4,Admission,100%,King Fahd Central Hospital in Jazan,Jazan health directorate
1/12/2025,,M,22,Transferred from another hospital,12/1/25 7:03,12/1/25 9:02,1:59,Penetrating,132,15,21,No injury,No injury,Serious: Hemothorax,Minor (All Other Injuries),Minor (All Other Injuries),No injury,11,Admission,99%,King Fahd Central Hospital in Jazan,Jazan health directorate
1/12/2025,,F,1,By Private car/walk-in,,,,Penetrating,89,15,22,No injury,No injury,No injury,No injury,No injury,Moderate: 2nd or 3rd degree burns involving 10% to 19% Total Body Surface,4,Admission,99%,King Fahd Central Hospital in Jazan,Jazan health directorate
1/12/2025,,M,31,Transferred from another hospital,12/1/25 18:23,12/1/25 20:23,2:00,Blunt,122,15,18,Minor (All Other Injuries),No injury,No injury,No injury,No injury,No injury,1,Admission,100%,King Fahd Central Hospital in Jazan,Jazan health directorate
1/12/2025,,M,19,By Red crescent,,,,Blunt,102,15,19,No injury,No injury,No injury,No injury,Moderate: Fractures (upper or lower extremity) not open,No injury,4,Admission,100%,sabya General Hospital,Jazan health directorate
1/12/2025,,M,40,Transferred from another hospital,1/12/25 12:00,1/12/25 13:00,1:00,Blunt,129,8,20,"Critical: Large Epidural, Subdural, or Intracerebral  Hematoma",No injury,No injury,No injury,No injury,No injury,25,Death in ED,91%,Samtah General Hospital,Jazan health directorate
1/13/2025,,M,37,By Red crescent,,,,Blunt,140,15,16,No injury,No injury,No injury,No injury,Minor (All Other Injuries),No injury,1,Discharged home,100%,Alarda General Hospital,Jazan health directorate
1/13/2025,,M,39,By Red crescent,,,,Blunt,110,15,15,No injury,No injury,Minor (All Other Injuries),No injury,Minor (All Other Injuries),No injury,2,Admission,100%,Alarda General Hospital,Jazan health directorate
1/13/2025,,M,42,By Red crescent,,,,Blunt,100,15,20,No injury,No injury,No injury,No injury,Minor (All Other Injuries),Minor (All Other Injuries),2,Admission,100%,Bani Malek General Hospital,Jazan health directorate
1/13/2025,,M,2,Transferred from another hospital,1/13/2025 00:00,1/13/2025 01:28,1:28,Penetrating,98,15,22,No injury,No injury,No injury,No injury,No injury,Moderate: 2nd or 3rd degree burns involving 10% to 19% Total Body Surface,4,Admission,99%,King Fahd Central Hospital in Jazan,Jazan health directorate
1/13/2025,,M,48,By Private car/walk-in,,,,Blunt,122,15,18,No injury,No injury,No injury,No injury,Moderate: Fractures (upper or lower extremity) not open,No injury,4,Admission,100%,King Fahd Central Hospital in Jazan,Jazan health directorate
1/13/2025,,M,28,Transferred from another hospital,1/13/2025 14:59,1/13/2025 16:06,1:07,Penetrating,124,15,18,No injury,No injury,No injury,No injury,Minor (All Other Injuries),No injury,1,Admission,99%,King Fahd Central Hospital in Jazan,Jazan health directorate
1/13/2025,,F,3,Transferred from another hospital,1/13/2025 14:01,1/13/2025 15:06,1:05,Penetrating,96,15,24,No injury,No injury,No injury,No injury,No injury,Moderate: 2nd or 3rd degree burns involving 10% to 19% Total Body Surface,4,Admission,99%,King Fahd Central Hospital in Jazan,Jazan health directorate
1/14/2025,,M,39,By Red crescent,,,,Blunt,152,15,17,Minor (All Other Injuries),Minor (All Other Injuries),No injury,No injury,Minor (All Other Injuries),No injury,3,Admission,100%,Alarda General Hospital,Jazan health directorate
1/14/2025,,F,20,By Red crescent,,,,Penetrating,100,15,18,Minor (All Other Injuries),No injury,No injury,No injury,No injury,No injury,1,Admission,99%,Beesh General Hospital,Jazan health directorate
1/14/2025,,M,25,By Red crescent,,,,Blunt,100,15,18,No injury,No injury,Minor (All Other Injuries),No injury,No injury,No injury,1,Discharged home,100%,Beesh General Hospital,Jazan health directorate
1/14/2025,,M,29,By Private car/walk-in,,,,Blunt,128,15,22,Critical: C4 or below causing complete cord transection or contusion,No injury,No injury,No injury,No injury,No injury,25,Admission,98%,King Fahd Central Hospital in Jazan,Jazan health directorate
1/14/2025,,M,8,By Private car/walk-in,,,,Blunt,98,15,24,No injury,No injury,No injury,No injury,Moderate: Fractures (upper or lower extremity) not open,No injury,4,Admission,100%,King Fahd Central Hospital in Jazan,Jazan health directorate
1/14/2025,,M,17,Transferred from another hospital,1/14/2025 19:02,1/14/2025 20:21,1:19,Blunt,111,15,18,"Moderate: Tiny Epidural, Subdural, or Intracerebral  Hematoma",No injury,No injury,No injury,No injury,No injury,4,Admission,100%,King Fahd Central Hospital in Jazan,Jazan health directorate
1/14/2025,,F,10,Transferred from another hospital,1/14/2025 22:02,1/14/2025 23:24,1:22,Penetrating,112,15,18,No injury,No injury,No injury,No injury,No injury,Minor (All Other Injuries),1,Admission,99%,King Fahd Central Hospital in Jazan,Jazan health directorate
1/14/2025,,M,30,By Red crescent,,,,Blunt,124,15,20,No injury,No injury,No injury,No injury,Moderate: Fractures (upper or lower extremity) not open,No injury,4,Admission,100%,sabya General Hospital,Jazan health directorate
1/15/2025,,M,41,By Red crescent,,,,Blunt,123,15,18,No injury,No injury,No injury,No injury,Serious: Pelvic Ring Fracture (Open Book),No injury,9,Admission,99%,Beesh General Hospital,Jazan health directorate
1/15/2025,,M,20,By Red crescent,,,,Penetrating,124,15,16,Minor (All Other Injuries),Minor (All Other Injuries),Moderate: Simple Pneumothorax,No injury,Moderate: Fractures (upper or lower extremity) not open,No injury,9,Admission,99%,King Fahd Central Hospital in Jazan,Jazan health directorate
1/15/2025,,F,64,By Private car/walk-in,,,,Penetrating,134,15,18,No injury,No injury,No injury,No injury,No injury,Minor (All Other Injuries),1,Admission,98%,King Fahd Central Hospital in Jazan,Jazan health directorate
1/15/2025,,M,6,By Private car/walk-in,,,,Blunt,89,15,22,Minor (All Other Injuries),No injury,No injury,No injury,No injury,No injury,1,Admission,99%,King Fahd Central Hospital in Jazan,Jazan health directorate
1/15/2025,,M,19,By Red crescent,,,,Blunt,98,9,24,Critical: Major penerating injury to skull (more than 2 cm deep),No injury,Moderate: Other named vein injury,No injury,No injury,No injury,29,Admission,94%,sabya General Hospital,Jazan health directorate
1/16/2025,,M,22,By Red crescent,,,,Blunt,90,15,16,No injury,No injury,No injury,Minor (All Other Injuries),Moderate: Fractures (upper or lower extremity) not open,No injury,5,Admission,100%,Alarda General Hospital,Jazan health directorate
1/16/2025,,M,28,By Red crescent,,,,Penetrating,87,7,16,Serious: Superficial penerating injury to skull (less than 2 cm deep),Minor (All Other Injuries),Minor (All Other Injuries),Minor (All Other Injuries),Minor (All Other Injuries),Minor (All Other Injuries),11,Transferred to another hospital,88%,Alarda General Hospital,Jazan health directorate
1/16/2025,,M,21,By Red crescent,,,,Blunt,147,15,19,No injury,Minor (All Other Injuries),No injury,No injury,Minor (All Other Injuries),No injury,2,Discharged home,100%,Alhorath General Hospital,Jazan health directorate
1/16/2025,,M,21,By Private car/walk-in,,,,Penetrating,139,15,20,No injury,No injury,Minor (All Other Injuries),No injury,No injury,No injury,1,Transferred to another hospital,99%,Bani Malek General Hospital,Jazan health directorate
1/16/2025,,M,22,By Red crescent,,,,Blunt,127,15,18,No injury,No injury,Minor (All Other Injuries),No injury,No injury,No injury,1,Discharged home,100%,Bani Malek General Hospital,Jazan health directorate
1/16/2025,,M,32,Transferred from another hospital,1/16/2025 00:00,1/16/2025 01:53,1:53,Blunt,123,15,18,"Moderate: Tiny Epidural, Subdural, or Intracerebral  Hematoma",No injury,No injury,No injury,No injury,No injury,4,Admission,100%,King Fahd Central Hospital in Jazan,Jazan health directorate
1/16/2025,,F,29,By Red crescent,,,,Blunt,125,14,20,Moderate: Intra-ventricular hemorrhage or subarachnoid hemorrhage,No injury,No injury,No injury,Moderate: Fractures (upper or lower extremity) not open,No injury,8,Admission,99%,King Fahd Central Hospital in Jazan,Jazan health directorate
1/16/2025,,F,67,By Private car/walk-in,,,,Penetrating,134,15,18,No injury,No injury,No injury,No injury,No injury,Moderate: 2nd or 3rd degree burns involving 10% to 19% Total Body Surface,4,Admission,98%,King Fahd Central Hospital in Jazan,Jazan health directorate
1/16/2025,,F,2,Transferred from another hospital,1/16/2025 15:02,1/16/2025 16:52,1:50,Penetrating,98,15,24,No injury,No injury,No injury,No injury,No injury,Moderate: 2nd or 3rd degree burns involving 10% to 19% Total Body Surface,4,Admission,99%,King Fahd Central Hospital in Jazan,Jazan health directorate
1/16/2025,,M,2,Transferred from another hospital,1/16/2025 19:03,1/16/2025 20:31,1:28,Penetrating,97,15,22,No injury,No injury,No injury,No injury,No injury,Minor (All Other Injuries),1,Transferred to another hospital,99%,King Fahd Central Hospital in Jazan,Jazan health directorate
1/17/2025,,F,26,By Private car/walk-in,,,,Blunt,112,15,18,No injury,Minor (All Other Injuries),No injury,No injury,Minor (All Other Injuries),No injury,2,Discharged home,100%,Alarda General Hospital,Jazan health directorate
1/17/2025,,M,35,By Private car/walk-in,,,,Blunt,140,15,16,Minor (All Other Injuries),No injury,No injury,No injury,Minor (All Other Injuries),No injury,2,Discharged home,100%,Alarda General Hospital,Jazan health directorate
1/17/2025,,M,23,By Red crescent,,,,Blunt,129,15,15,Minor (All Other Injuries),No injury,No injury,No injury,Minor (All Other Injuries),Minor (All Other Injuries),3,Admission,100%,Aldarb General Hospital,Jazan health directorate
1/17/2025,,M,64,By Red crescent,,,,Penetrating,135,15,16,Minor (All Other Injuries),No injury,No injury,No injury,No injury,No injury,1,Admission,98%,King Fahd Central Hospital in Jazan,Jazan health directorate
1/17/2025,,M,28,Transferred from another hospital,1/17/2025 10:00,1/17/2025 11:09,1:09,Penetrating,70,3,16,Moderate: Intra-ventricular hemorrhage or subarachnoid hemorrhage,No injury,Serious: Hemothorax,Serious: Spleen laceration more than 3 cm deep ,No injury,No injury,22,Death in ED,20%,King Fahd Central Hospital in Jazan,Jazan health directorate
1/18/2025,,M,25,By Red crescent,,,,Penetrating,130,15,16,No injury,No injury,No injury,No injury,Minor (All Other Injuries),No injury,1,Discharged home,99%,Alarda General Hospital,Jazan health directorate
1/18/2025,,F,79,By Red crescent,,,,Blunt,190,15,20,No injury,No injury,Minor (All Other Injuries),No injury,No injury,No injury,1,Admission,98%,Beesh General Hospital,Jazan health directorate
1/18/2025,,M,14,Transferred from another hospital,1/18/2025 01:22,1/18/2025 02:22,1:00,Penetrating,92,10,22,Minor (All Other Injuries),Minor (All Other Injuries),Moderate: Multiple rib fractures,Moderate: Spleen laceration less than 3 cm deep ,Serious: Open Fractures (upper or lower extremity),Moderate: 2nd or 3rd degree burns involving 10% to 19% Total Body Surface,17,Admission,96%,King Fahd Central Hospital in Jazan,Jazan health directorate
1/18/2025,,M,27,Transferred from another hospital,1/18/2025 13:02,1/18/2025 14:07,1:05,Penetrating,112,15,18,No injury,No injury,No injury,No injury,Moderate: Vascualr injury (upper or lower extremity) without major blood loss,No injury,4,Admission,99%,King Fahd Central Hospital in Jazan,Jazan health directorate
1/19/2025,,F,29,By Red crescent,,,,Penetrating,120,15,16,No injury,No injury,No injury,Minor (All Other Injuries),Moderate: Fractures (upper or lower extremity) not open,No injury,5,Admission,99%,Alarda General Hospital,Jazan health directorate
1/19/2025,,M,88,By Red crescent,,,,Blunt,122,15,20,No injury,No injury,Moderate: Multiple rib fractures,No injury,No injury,No injury,4,Admission,98%,Beesh General Hospital,Jazan health directorate
1/19/2025,,M,15,By Red crescent,,,,Blunt,125,15,20,No injury,No injury,No injury,Minor (All Other Injuries),No injury,No injury,1,Admission,100%,Beesh General Hospital,Jazan health directorate
1/19/2025,,F,4,By Private car/walk-in,,,,Penetrating,98,15,24,No injury,No injury,No injury,No injury,Moderate: Amputation at wrist or ankle,No injury,4,Admission,99%,King Fahd Central Hospital in Jazan,Jazan health directorate
1/19/2025,,M,14,Transferred from another hospital,1/19/2025 12:00,1/19/2025 13:38,1:38,Blunt,116,15,23,Moderate: Intra-ventricular hemorrhage or subarachnoid hemorrhage,No injury,No injury,No injury,No injury,No injury,4,Admission,100%,King Fahd Central Hospital in Jazan,Jazan health directorate
1/20/2025,,M,43,By Red crescent,,,,Blunt,134,15,18,Moderate: Simple undisplaced Skull Fracture,No injury,No injury,No injury,No injury,No injury,4,Admission,100%,King Fahd Central Hospital in Jazan,Jazan health directorate
1/20/2025,,M,10,Transferred from another hospital,1/20/2025 00:00,1/20/2025 01:46,1:46,Penetrating,106,15,20,No injury,No injury,No injury,No injury,Serious: Open Fractures (upper or lower extremity),No injury,9,Admission,99%,King Fahd Central Hospital in Jazan,Jazan health directorate
1/20/2025,,M,25,Transferred from another hospital,1/20/2025 02:00,1/20/2025 03:38,1:38,Blunt,124,3,22,Severe: Diffuse Axonal Injury,No injury,No injury,No injury,No injury,No injury,16,Admission,82%,King Fahd Central Hospital in Jazan,Jazan health directorate
1/20/2025,,M,41,Transferred from another hospital,1/20/2025 04:55,1/20/2025 06:51,1:56,Blunt,103,15,18,Minor (All Other Injuries),No injury,No injury,Minor (All Other Injuries),No injury,No injury,2,Admission,100%,King Fahd Central Hospital in Jazan,Jazan health directorate
1/20/2025,,M,18,Transferred from another hospital,1/20/2025 05:35,1/20/2025 06:51,1:16,Blunt,132,15,17,"Moderate: Tiny Epidural, Subdural, or Intracerebral  Hematoma",No injury,No injury,No injury,No injury,No injury,4,Admission,100%,King Fahd Central Hospital in Jazan,Jazan health directorate
1/20/2025,,M,32,By Private car/walk-in,,,,Penetrating,124,15,18,No injury,No injury,No injury,No injury,No injury,Moderate: 2nd or 3rd degree burns involving 10% to 19% Total Body Surface,4,Admission,99%,King Fahd Central Hospital in Jazan,Jazan health directorate
1/20/2025,,M,17,Transferred from another hospital,1/20/2025 21:00,1/20/2025 22:39,1:39,Penetrating,113,15,20,No injury,No injury,No injury,No injury,Moderate: Amputation at wrist or ankle,No injury,4,Admission,99%,King Fahd Central Hospital in Jazan,Jazan health directorate
1/21/2025,,M,52,Transferred from another hospital,1/21/2025 11:00,1/21/2025 12:18,1:18,Blunt,95,15,24,Minor (All Other Injuries),No injury,Moderate: Multiple rib fractures,Minor (All Other Injuries),Moderate: Fractures (upper or lower extremity) not open,No injury,9,Admission,99%,King Fahd Central Hospital in Jazan,Jazan health directorate
1/21/2025,,M,58,Transferred from another hospital,1/21/2025 05:05,1/21/2025 06:19,1:14,Blunt,123,15,22,No injury,No injury,Moderate: Multiple rib fractures,No injury,Moderate: Fractures (upper or lower extremity) not open,No injury,8,Admission,97%,King Fahd Central Hospital in Jazan,Jazan health directorate
1/21/2025,,M,27,By Private car/walk-in,,,,Blunt,111,15,18,No injury,No injury,No injury,No injury,Moderate: Fractures (upper or lower extremity) not open,No injury,4,Admission,100%,King Fahd Central Hospital in Jazan,Jazan health directorate
1/21/2025,,F,1,By Private car/walk-in,,,,Blunt,92,15,20,"Moderate: Tiny Epidural, Subdural, or Intracerebral  Hematoma",No injury,No injury,No injury,No injury,No injury,4,Admission,100%,King Fahd Central Hospital in Jazan,Jazan health directorate
1/22/2025,,M,63,Transferred from another hospital,1/22/2025 04:15,1/22/2025 05:25,1:10,Blunt,123,15,17,Minor (All Other Injuries),No injury,No injury,No injury,No injury,No injury,1,Admission,98%,King Fahd Central Hospital in Jazan,Jazan health directorate
1/22/2025,,F,60,By Private car/walk-in,,,,Penetrating,124,15,17,No injury,No injury,No injury,No injury,No injury,Minor (All Other Injuries),1,Discharged home,98%,King Fahd Central Hospital in Jazan,Jazan health directorate
1/23/2025,,M,2,Transferred from another hospital,1/23/2025 11:01,1/23/2025 12:03,1:02,Penetrating,98,15,22,No injury,No injury,No injury,No injury,No injury,Moderate: 2nd or 3rd degree burns involving 10% to 19% Total Body Surface,4,Admission,99%,King Fahd Central Hospital in Jazan,Jazan health directorate
1/23/2025,,F,7,By Private car/walk-in,,,,Blunt,112,15,20,No injury,No injury,No injury,No injury,Moderate: Fractures (upper or lower extremity) not open,No injury,4,Admission,100%,King Fahd Central Hospital in Jazan,Jazan health directorate
1/23/2025,,M,41,By Red crescent,,,,Blunt,95,10,18,Critical: C4 or below causing complete cord transection or contusion,No injury,No injury,No injury,No injury,No injury,25,Admission,95%,King Fahd Central Hospital in Jazan,Jazan health directorate
1/24/2025,,M,32,By Red crescent,,,,Blunt,147,15,20,No injury,No injury,No injury,No injury,Moderate: Fractures (upper or lower extremity) not open,No injury,4,Admission,100%,Ahd Almasarha General Hospital,Jazan health directorate
1/24/2025,,F,3,By Private car/walk-in,,,,Penetrating,97,15,22,No injury,No injury,No injury,No injury,Minor (All Other Injuries),No injury,1,Admission,99%,King Fahd Central Hospital in Jazan,Jazan health directorate
1/24/2025,,M,69,Transferred from another hospital,1/24/2025 01:15,1/24/2025 02:24,1:09,Blunt,134,15,18,No injury,No injury,No injury,No injury,Moderate: Fractures (upper or lower extremity) not open,No injury,4,Admission,98%,King Fahd Central Hospital in Jazan,Jazan health directorate
1/24/2025,,M,58,By Red crescent,,,,Blunt,142,15,18,No injury,No injury,No injury,No injury,Moderate: Fractures (upper or lower extremity) not open,No injury,4,Admission,98%,King Fahd Central Hospital in Jazan,Jazan health directorate
1/24/2025,,F,35,Transferred from another hospital,1/24/2025 13:55,1/24/2025 15:42,1:47,Penetrating,132,15,18,No injury,No injury,No injury,No injury,No injury,Minor (All Other Injuries),1,Admission,99%,King Fahd Central Hospital in Jazan,Jazan health directorate
1/24/2025,,F,6,By Private car/walk-in,,,,Blunt,98,15,22,"Moderate: Tiny Epidural, Subdural, or Intracerebral  Hematoma",No injury,No injury,No injury,No injury,No injury,4,Admission,100%,King Fahd Central Hospital in Jazan,Jazan health directorate
1/24/2025,,M,41,Transferred from another hospital,1/24/2025 18:59,1/24/2025 20:56,1:57,Blunt,124,15,18,No injury,No injury,No injury,No injury,Serious: Vascualr injury (upper or lower extremity) with major blood loss,No injury,9,Admission,99%,King Fahd Central Hospital in Jazan,Jazan health directorate
1/24/2025,,M,20,By Red crescent,,,,Blunt,106,15,17,No injury,No injury,Minor (All Other Injuries),No injury,Moderate: Fractures (upper or lower extremity) not open,No injury,5,Admission,100%,sabya General Hospital,Jazan health directorate
1/25/2025,,M,17,Transferred from another hospital,1/25/2025 05:55,1/25/2025 07:20,1:25,Blunt,123,15,18,"Moderate: Tiny Epidural, Subdural, or Intracerebral  Hematoma",No injury,No injury,No injury,Moderate: Fractures (upper or lower extremity) not open,No injury,8,Admission,99%,King Fahd Central Hospital in Jazan,Jazan health directorate
1/25/2025,,M,23,By Private car/walk-in,,,,Blunt,134,15,18,Minor (All Other Injuries),No injury,No injury,No injury,Minor (All Other Injuries),No injury,2,Admission,100%,King Fahd Central Hospital in Jazan,Jazan health directorate
1/25/2025,,M,3,Transferred from another hospital,1/25/2025 03:44,1/25/2025 05:00,1:16,Penetrating,98,15,22,No injury,No injury,No injury,No injury,No injury,Minor (All Other Injuries),1,Admission,99%,King Fahd Central Hospital in Jazan,Jazan health directorate
1/25/2025,,M,3,Transferred from another hospital,1/25/2025 15:33,1/25/2025 17:32,1:59,Penetrating,50,3,30,No injury,Minor (All Other Injuries),No injury,No injury,No injury,Unsurvivable: 2nd or 3rd degree burns involving more than 90% Total Body Surface,75,Death in ED,1%,King Fahd Central Hospital in Jazan,Jazan health directorate
1/25/2025,,M,27,Transferred from another hospital,1/25/2025 16:55,1/25/2025 18:20,1:25,Blunt,132,15,18,"Severe: Small to Moderate Epidural, Subdural, or Intracerebral  Hematoma",No injury,No injury,No injury,No injury,No injury,16,Admission,99%,King Fahd Central Hospital in Jazan,Jazan health directorate
1/25/2025,,M,21,Transferred from another hospital,1/25/2025 09:01,1/25/2025 10:40,1:39,Penetrating,125,7,18,"Severe: Small to Moderate Epidural, Subdural, or Intracerebral  Hematoma",Severe: Penetrating face injury causing massive distruction to face including both eyes,No injury,No injury,No injury,No injury,32,Admission,79%,King Fahd Central Hospital in Jazan,Jazan health directorate
1/25/2025,,M,14,By Red crescent,,,,Blunt,103,15,18,"Moderate: Tiny Epidural, Subdural, or Intracerebral  Hematoma",No injury,No injury,No injury,No injury,No injury,4,Admission,100%,sabya General Hospital,Jazan health directorate
1/27/2025,,M,36,By Red crescent,,,,Penetrating,135,7,19,Severe: Diffuse Axonal Injury,Minor (All Other Injuries),Moderate: Multiple rib fractures,Minor (All Other Injuries),Minor (All Other Injuries),Minor (All Other Injuries),21,Admission,88%,Beesh General Hospital,Jazan health directorate
1/27/2025,,M,32,By Red crescent,,,,Blunt,118,15,26,Minor (All Other Injuries),No injury,No injury,No injury,No injury,Minor (All Other Injuries),2,Admission,100%,Beesh General Hospital,Jazan health directorate
1/27/2025,,M,29,By Red crescent,,,,Blunt,118,15,24,Minor (All Other Injuries),No injury,Minor (All Other Injuries),No injury,No injury,Minor (All Other Injuries),3,Admission,100%,Beesh General Hospital,Jazan health directorate
1/27/2025,,M,39,By Red crescent,,,,Blunt,143,15,18,Minor (All Other Injuries),No injury,Moderate: Multiple rib fractures,No injury,Minor (All Other Injuries),No injury,6,Admission,100%,Beesh General Hospital,Jazan health directorate
1/27/2025,,M,40,By Red crescent,,,,Penetrating,100,6,20,"Severe: Small to Moderate Epidural, Subdural, or Intracerebral  Hematoma",Minor (All Other Injuries),Minor (All Other Injuries),Minor (All Other Injuries),Serious: Open Fractures (upper or lower extremity),Minor (All Other Injuries),26,Transferred to another hospital,85%,Beesh General Hospital,Jazan health directorate
1/27/2025,,M,38,By Red crescent,,,,Blunt,139,15,24,Minor (All Other Injuries),No injury,Serious: Lung contusion,Moderate: Kidney laceration (less than 1 cm not reaching the collecting system) or small contusion,Minor (All Other Injuries),Minor (All Other Injuries),14,Admission,99%,Beesh General Hospital,Jazan health directorate
1/27/2025,,M,46,By Red crescent,,,,Penetrating,165,6,18,Moderate: Intra-ventricular hemorrhage or subarachnoid hemorrhage,Minor (All Other Injuries),No injury,No injury,No injury,Minor (All Other Injuries),6,Transferred to another hospital,95%,Beesh General Hospital,Jazan health directorate
1/27/2025,,M,2,Transferred from another hospital,1/27/2025 11:00,1/27/2025 12:58,1:58,Blunt,40,3,36,Unsurvivable: Massive destruction of skull and brain,Moderate: Penetrating face injury tissue loss,Minor (All Other Injuries),No injury,No injury,No injury,75,Death in ED,0%,King Fahd Central Hospital in Jazan,Jazan health directorate
1/27/2025,,M,42,By Red crescent,,,,Blunt,97,15,18,No injury,No injury,Moderate: Multiple rib fractures,No injury,No injury,No injury,4,Admission,100%,King Fahd Central Hospital in Jazan,Jazan health directorate
1/27/2025,,F,3,By Private car/walk-in,,,,Penetrating,98,15,22,No injury,No injury,No injury,No injury,No injury,Minor (All Other Injuries),1,Admission,99%,King Fahd Central Hospital in Jazan,Jazan health directorate
1/27/2025,,M,33,By Red crescent,,,,Blunt,123,15,18,No injury,No injury,No injury,No injury,Moderate: Fractures (upper or lower extremity) not open,No injury,4,Admission,100%,King Fahd Central Hospital in Jazan,Jazan health directorate
1/27/2025,,M,14,By Red crescent,,,,Penetrating,111,15,18,No injury,Moderate: Penetrating face injury tissue loss,No injury,No injury,No injury,No injury,4,Admission,99%,King Fahd Central Hospital in Jazan,Jazan health directorate
1/27/2025,,M,37,Transferred from another hospital,1/27/2025 18:02,1/27/2025 19:04,1:02,Blunt,132,15,20,Minor (All Other Injuries),No injury,No injury,No injury,No injury,No injury,1,Admission,100%,King Fahd Central Hospital in Jazan,Jazan health directorate
1/27/2025,,M,26,By Private car/walk-in,,,,Penetrating,122,15,18,No injury,No injury,No injury,No injury,Minor (All Other Injuries),No injury,1,Admission,99%,King Fahd Central Hospital in Jazan,Jazan health directorate
1/27/2025,,M,22,Transferred from another hospital,1/27/2025 15:01,1/27/2025 16:16,1:15,Blunt,132,15,20,No injury,No injury,Moderate: Pneumomeiastinum,No injury,No injury,No injury,4,Admission,100%,King Fahd Central Hospital in Jazan,Jazan health directorate
1/27/2025,,F,39,By Red crescent,,,,Blunt,132,15,19,No injury,No injury,No injury,No injury,Moderate: Fractures (upper or lower extremity) not open,No injury,4,Admission,100%,sabya General Hospital,Jazan health directorate
1/27/2025,,M,49,By Red crescent,,,,Blunt,121,15,18,Minor (All Other Injuries),No injury,No injury,No injury,No injury,No injury,1,DAMA,100%,sabya General Hospital,Jazan health directorate
1/27/2025,,M,16,By Red crescent,,,,Blunt,98,10,14,Severe: Diffuse Axonal Injury,No injury,Moderate: Simple Pneumothorax,No injury,Moderate: Fractures (upper or lower extremity) not open,No injury,24,Admission,96%,sabya General Hospital,Jazan health directorate
1/27/2025,,F,16,By Red crescent,,,,Blunt,100,15,20,No injury,Serious: LeFort III Fracture with major blood loss (more than 20%),No injury,No injury,No injury,No injury,16,Admission,99%,sabya General Hospital,Jazan health directorate
1/27/2025,,F,40,By Red crescent,,,,Blunt,81,9,12,Severe: Large Brain Contusion ,No injury,No injury,No injury,No injury,No injury,16,Death in ED,96%,sabya General Hospital,Jazan health directorate
1/27/2025,,M,28,By Red crescent,,,,Penetrating,94,13,14,No injury,No injury,No injury,Critical: Liver disruption involving more than 75% of the liver lobe,No injury,No injury,25,Admission,97%,sabya General Hospital,Jazan health directorate
1/28/2025,,M,28,By Private car/walk-in,,,,Penetrating,22,15,18,No injury,No injury,No injury,No injury,Moderate: Vascualr injury (upper or lower extremity) without major blood loss,No injury,4,Discharged home,94%,Alhorath General Hospital,Jazan health directorate
1/29/2025,,M,16,By Red crescent,,,,Blunt,109,13,20,"Moderate: Tiny Epidural, Subdural, or Intracerebral  Hematoma",No injury,No injury,No injury,No injury,No injury,4,Transferred to another hospital,100%,Beesh General Hospital,Jazan health directorate
1/29/2025,,M,26,By Red crescent,,,,Blunt,75,9,10,"Critical: Brain stem compression, herniation, infarction, or injury)",No injury,No injury,Moderate: Anus injury partial thickness,No injury,No injury,29,Admission,82%,sabya General Hospital,Jazan health directorate
1/30/2025,,F,5,By Private car/walk-in,,,,Blunt,105,15,22,Minor (All Other Injuries),No injury,No injury,No injury,No injury,No injury,1,Discharged home,100%,Bani Malek General Hospital,Jazan health directorate
1/30/2025,,F,4,By Private car/walk-in,,,,Blunt,102,15,24,Moderate: Simple undisplaced Skull Fracture,No injury,No injury,No injury,No injury,No injury,4,Transferred to another hospital,100%,sabya General Hospital,Jazan health directorate
1/31/2025,,M,17,By Red crescent,,,,Blunt,100,15,20,"Severe: Small to Moderate Epidural, Subdural, or Intracerebral  Hematoma",No injury,No injury,No injury,No injury,No injury,16,Admission,99%,sabya General Hospital,Jazan health directorate
1/31/2025,,M,19,By Red crescent,,,,Blunt,117,8,18,"Critical: Large Epidural, Subdural, or Intracerebral  Hematoma",Moderate: LeFort I Fracture or LeFort II Fracture,Serious: Lung contusion,No injury,Minor (All Other Injuries),No injury,38,Admission,77%,sabya General Hospital,Jazan health directorate
1/31/2025,,M,23,By Red crescent,,,,Blunt,122,15,17,No injury,No injury,No injury,No injury,Minor (All Other Injuries),No injury,1,Admission,100%,sabya General Hospital,Jazan health directorate
2/1/2025,,F,6,By Private car/walk-in,,,,Blunt,112,15,20,No injury,No injury,No injury,No injury,Moderate: Vascualr injury (upper or lower extremity) without major blood loss,No injury,4,Admission,100%,King Fahd Central Hospital in Jazan,Jazan health directorate
2/1/2025,,F,21,Transferred from another hospital,1/2/25 19:00,1/2/25 20:50,1:50,Penetrating,98,13,18,Minor (All Other Injuries),Moderate: Penetrating face injury tissue loss,Moderate: Multiple rib fractures,No injury,No injury,No injury,9,Admission,99%,King Fahd Central Hospital in Jazan,Jazan health directorate
2/1/2025,,F,24,Transferred from another hospital,1/2/25 22:00,1/2/25 23:18,1:18,Blunt,123,15,19,No injury,Minor (All Other Injuries),No injury,No injury,No injury,No injury,1,Transferred to another hospital,100%,King Fahd Central Hospital in Jazan,Jazan health directorate
2/1/2025,,M,35,By Red crescent,,,,Blunt,80,8,20,"Critical: Large Epidural, Subdural, or Intracerebral  Hematoma",No injury,Moderate: Multiple rib fractures,Critical: Liver disruption involving more than 75% of the liver lobe,No injury,No injury,54,Transferred to another hospital,33%,sabya General Hospital,Jazan health directorate
2/1/2025,,M,39,By Red crescent,,,,Blunt,90,12,35,Minor (All Other Injuries),Minor (All Other Injuries),Minor (All Other Injuries),Severe: Liver disruption involving less than 75% of the liver lobe,No injury,Moderate: 2nd or 3rd degree burns involving 10% to 19% Total Body Surface,21,Admission,96%,sabya General Hospital,Jazan health directorate
2/2/2025,,M,27,By Red crescent,,,,Penetrating,120,15,17,No injury,No injury,No injury,No injury,Moderate: Fractures (upper or lower extremity) not open,No injury,4,Transferred to another hospital,99%,Alarda General Hospital,Jazan health directorate
2/2/2025,,M,38,By Private car/walk-in,,,,Blunt,139,15,15,No injury,Minor (All Other Injuries),No injury,No injury,No injury,No injury,1,Transferred to another hospital,100%,Alarda General Hospital,Jazan health directorate
2/2/2025,,M,24,By Red crescent,,,,Blunt,123,15,20,No injury,No injury,No injury,No injury,Moderate: Fractures (upper or lower extremity) not open,No injury,4,Admission,100%,Beesh General Hospital,Jazan health directorate
2/2/2025,,F,30,By Red crescent,,,,Blunt,120,15,20,No injury,No injury,No injury,No injury,Moderate: Fractures (upper or lower extremity) not open,No injury,4,Admission,100%,Beesh General Hospital,Jazan health directorate
2/2/2025,,M,81,Transferred from another hospital,2/2/25 0:00,2/2/25 1:30,1:30,Blunt,134,15,22,"Severe: Small to Moderate Epidural, Subdural, or Intracerebral  Hematoma",No injury,No injury,No injury,No injury,No injury,16,Admission,94%,King Fahd Central Hospital in Jazan,Jazan health directorate
2/2/2025,,M,10,By Private car/walk-in,,,,Blunt,112,15,18,No injury,No injury,No injury,No injury,Moderate: Fractures (upper or lower extremity) not open,No injury,4,Admission,100%,King Fahd Central Hospital in Jazan,Jazan health directorate
2/2/2025,,M,17,By Red crescent,,,,Blunt,116,15,18,No injury,No injury,No injury,No injury,Serious: Open Fractures (upper or lower extremity),No injury,9,Admission,99%,King Fahd Central Hospital in Jazan,Jazan health directorate
2/2/2025,,M,24,Transferred from another hospital,2/2/25 13:19,2/2/25 15:17,1:58,Penetrating,123,15,19,Serious: Superficial penerating injury to skull (less than 2 cm deep),No injury,No injury,No injury,No injury,No injury,9,Admission,99%,King Fahd Central Hospital in Jazan,Jazan health directorate
2/2/2025,,M,2,By Private car/walk-in,,,,Penetrating,89,15,22,No injury,No injury,No injury,No injury,Serious: Amputation below the elbow and above the wrist,No injury,9,Admission,98%,King Fahd Central Hospital in Jazan,Jazan health directorate
2/2/2025,,F,55,By Red crescent,,,,Blunt,91,15,18,No injury,Moderate: LeFort I Fracture or LeFort II Fracture,No injury,No injury,No injury,No injury,4,Admission,98%,sabya General Hospital,Jazan health directorate
2/3/2025,,M,47,By Private car/walk-in,,,,Blunt,183,15,18,No injury,No injury,No injury,Minor (All Other Injuries),No injury,No injury,1,Discharged home,100%,Bani Malek General Hospital,Jazan health directorate
2/3/2025,,F,32,Transferred from another hospital,3/2/25 16:15,3/2/25 17:36,1:21,Penetrating,126,15,18,No injury,No injury,No injury,No injury,Serious: Amputation below the elbow and above the wrist,No injury,9,Admission,99%,King Fahd Central Hospital in Jazan,Jazan health directorate
2/3/2025,,M,32,Transferred from another hospital,3/2/25 19:10,3/2/25 20:39,1:29,Penetrating,103,15,16,No injury,No injury,No injury,No injury,Moderate: Vascualr injury (upper or lower extremity) without major blood loss,No injury,4,Admission,99%,King Fahd Central Hospital in Jazan,Jazan health directorate
2/3/2025,,M,30,Transferred from another hospital,3/2/25 20:00,3/2/25 21:34,1:34,Blunt,123,15,16,No injury,No injury,No injury,No injury,Minor (All Other Injuries),No injury,1,Admission,100%,King Fahd Central Hospital in Jazan,Jazan health directorate
2/3/2025,,M,16,By Red crescent,,,,Penetrating,113,8,20,"Moderate: Tiny Epidural, Subdural, or Intracerebral  Hematoma",Serious: Penetrating face injury with major blood loss (more than 20%),No injury,No injury,No injury,No injury,13,Transferred to another hospital,93%,Samtah General Hospital,Jazan health directorate
2/4/2025,,F,25,By Red crescent,,,,Penetrating,119,15,18,No injury,No injury,No injury,No injury,Moderate: Fractures (upper or lower extremity) not open,No injury,4,Admission,99%,Alarda General Hospital,Jazan health directorate
2/4/2025,,M,4,By Red crescent,,,,Penetrating,100,15,16,Minor (All Other Injuries),No injury,No injury,No injury,No injury,No injury,1,Discharged home,99%,Alarda General Hospital,Jazan health directorate
2/4/2025,,M,25,By Red crescent,,,,Blunt,130,15,16,Minor (All Other Injuries),Minor (All Other Injuries),No injury,No injury,No injury,No injury,2,Admission,100%,Alarda General Hospital,Jazan health directorate
2/4/2025,,M,21,By Red crescent,,,,Blunt,110,15,17,No injury,No injury,Minor (All Other Injuries),Minor (All Other Injuries),Minor (All Other Injuries),Minor (All Other Injuries),3,Discharged home,100%,Damad General Hospital,Jazan health directorate
2/4/2025,,M,18,By Red crescent,,,,Blunt,109,15,17,No injury,No injury,Minor (All Other Injuries),Minor (All Other Injuries),Minor (All Other Injuries),Minor (All Other Injuries),3,Discharged home,100%,Damad General Hospital,Jazan health directorate
2/4/2025,,M,33,By Red crescent,,,,Penetrating,1,3,5,Severe: Open or depressed skull fracture,Serious: Penetrating face injury with major blood loss (more than 20%),Serious: Rib fractures with flial chest,Minor (All Other Injuries),Serious: Open Fractures (upper or lower extremity),Serious:  Total scalp avulsion or Scalp injury associated with > 20% blood volume loss,34,Death in ED,2%,Damad General Hospital,Jazan health directorate
2/4/2025,,M,81,Transferred from another hospital,4/2/25 0:00,4/2/25 1:18,1:18,Blunt,134,11,17,"Severe: Small to Moderate Epidural, Subdural, or Intracerebral  Hematoma",No injury,No injury,No injury,No injury,No injury,16,Admission,89%,King Fahd Central Hospital in Jazan,Jazan health directorate
2/4/2025,,M,9,Transferred from another hospital,4/2/25 10:15,4/2/25 11:17,1:02,Blunt,112,15,20,No injury,Minor (All Other Injuries),No injury,No injury,No injury,No injury,1,Admission,100%,King Fahd Central Hospital in Jazan,Jazan health directorate
2/4/2025,,M,30,By Red crescent,,,,Blunt,132,15,18,No injury,No injury,No injury,No injury,Moderate: Fractures (upper or lower extremity) not open,No injury,4,Admission,100%,King Fahd Central Hospital in Jazan,Jazan health directorate
2/4/2025,,M,45,By Private car/walk-in,,,,Penetrating,123,15,18,No injury,No injury,No injury,No injury,Moderate: Fractures (upper or lower extremity) not open,No injury,4,DAMA,99%,King Fahd Central Hospital in Jazan,Jazan health directorate
2/4/2025,,M,37,By Red crescent,,,,Penetrating,93,6,20,"Critical: Brain stem compression, herniation, infarction, or injury)",Moderate: Penetrating face injury tissue loss,Minor (All Other Injuries),Moderate: Kidney laceration (less than 1 cm not reaching the collecting system) or small contusion,Serious: Open Fractures (upper or lower extremity),No injury,38,Admission,71%,King Fahd Central Hospital in Jazan,Jazan health directorate
2/4/2025,,M,35,Transferred from another hospital,4/2/25 17:01,4/2/25 18:30,1:29,Blunt,103,6,20,"Severe: Small to Moderate Epidural, Subdural, or Intracerebral  Hematoma",Minor (All Other Injuries),Minor (All Other Injuries),Moderate: Kidney laceration (less than 1 cm not reaching the collecting system) or small contusion,Minor (All Other Injuries),No injury,21,Admission,93%,King Fahd Central Hospital in Jazan,Jazan health directorate
2/4/2025,,M,40,Transferred from another hospital,4/2/25 18:04,4/2/25 19:49,1:45,Penetrating,123,14,18,No injury,No injury,No injury,No injury,Moderate: Vascualr injury (upper or lower extremity) without major blood loss,No injury,4,Admission,99%,King Fahd Central Hospital in Jazan,Jazan health directorate
2/4/2025,,F,78,Transferred from another hospital,4/2/25 20:05,4/2/25 21:56,1:51,Blunt,142,15,17,No injury,No injury,No injury,No injury,Moderate: Fractures (upper or lower extremity) not open,No injury,4,Admission,98%,King Fahd Central Hospital in Jazan,Jazan health directorate
2/5/2025,,M,39,By Red crescent,,,,Blunt,136,15,14,Minor (All Other Injuries),No injury,Minor (All Other Injuries),No injury,Minor (All Other Injuries),No injury,3,Discharged home,100%,Alarda General Hospital,Jazan health directorate
2/5/2025,,M,75,By Red crescent,,,,Blunt,145,15,20,No injury,No injury,No injury,No injury,Moderate: Fractures (upper or lower extremity) not open,No injury,4,Admission,98%,Beesh General Hospital,Jazan health directorate
2/5/2025,,M,39,Transferred from another hospital,5/2/25 3:00,5/2/25 4:24,1:24,Penetrating,132,15,20,No injury,No injury,No injury,No injury,Moderate: Amputation at wrist or ankle,No injury,4,Admission,99%,King Fahd Central Hospital in Jazan,Jazan health directorate
2/6/2025,,M,29,By Red crescent,,,,Blunt,126,15,18,No injury,No injury,No injury,No injury,Serious: Open Fractures (upper or lower extremity),No injury,9,Admission,99%,King Fahd Central Hospital in Jazan,Jazan health directorate
2/6/2025,,M,26,By Private car/walk-in,,,,Penetrating,128,15,18,No injury,No injury,No injury,No injury,Serious: Open Fractures (upper or lower extremity),No injury,9,Admission,99%,King Fahd Central Hospital in Jazan,Jazan health directorate
2/6/2025,,M,82,Transferred from another hospital,6/2/25 19:01,6/2/25 20:10,1:09,Blunt,136,15,20,Minor (All Other Injuries),No injury,No injury,No injury,No injury,No injury,1,Admission,98%,King Fahd Central Hospital in Jazan,Jazan health directorate
2/6/2025,,M,17,Transferred from another hospital,2/6/25 9:55,2/6/25 11:00,1:05,Blunt,174,13,16,Minor (All Other Injuries),No injury,No injury,No injury,No injury,No injury,1,Admission,100%,sabya General Hospital,Jazan health directorate
2/7/2025,,M,29,By Private car/walk-in,,,,Blunt,118,15,20,Minor (All Other Injuries),No injury,No injury,No injury,No injury,No injury,1,Transferred to another hospital,100%,Bani Malek General Hospital,Jazan health directorate
2/7/2025,,M,26,By Private car/walk-in,,,,Blunt,121,15,20,Minor (All Other Injuries),No injury,No injury,No injury,No injury,No injury,1,Admission,100%,Bani Malek General Hospital,Jazan health directorate
2/7/2025,,F,43,Transferred from another hospital,7/2/25 1:08,7/2/25 2:39,1:31,Blunt,122,15,18,Moderate: Intra-ventricular hemorrhage or subarachnoid hemorrhage,No injury,No injury,No injury,No injury,No injury,4,Admission,100%,King Fahd Central Hospital in Jazan,Jazan health directorate
2/7/2025,,F,32,Transferred from another hospital,7/2/25 1:01,7/2/25 2:59,1:58,Penetrating,132,15,18,No injury,No injury,No injury,No injury,No injury,Minor (All Other Injuries),1,Admission,99%,King Fahd Central Hospital in Jazan,Jazan health directorate
2/7/2025,,M,37,Transferred from another hospital,7/2/25 7:09,7/2/25 8:18,1:09,Penetrating,122,15,20,No injury,No injury,No injury,No injury,Serious: Open Fractures (upper or lower extremity),No injury,9,Admission,99%,King Fahd Central Hospital in Jazan,Jazan health directorate
2/8/2025,,M,20,By Red crescent,,,,Blunt,159,15,18,No injury,No injury,No injury,No injury,Minor (All Other Injuries),No injury,1,Discharged home,100%,Alhorath General Hospital,Jazan health directorate
2/8/2025,,M,23,By Red crescent,,,,Blunt,142,15,16,No injury,No injury,No injury,No injury,Minor (All Other Injuries),No injury,1,Discharged home,100%,Alhorath General Hospital,Jazan health directorate
2/8/2025,,F,34,By Red crescent,,,,Penetrating,100,15,20,No injury,Moderate: Penetrating face injury tissue loss,No injury,No injury,Minor (All Other Injuries),No injury,5,Admission,99%,Beesh General Hospital,Jazan health directorate
2/8/2025,,M,25,Transferred from another hospital,8/2/25 0:11,8/2/25 1:19,1:08,Penetrating,114,15,18,No injury,No injury,No injury,No injury,Serious: Open Fractures (upper or lower extremity),No injury,9,Transferred to another hospital,99%,King Fahd Central Hospital in Jazan,Jazan health directorate
2/8/2025,,M,10,Transferred from another hospital,8/2/25 1:55,8/2/25 3:03,1:08,Penetrating,103,15,20,Minor (All Other Injuries),Minor (All Other Injuries),No injury,No injury,No injury,No injury,2,Admission,99%,King Fahd Central Hospital in Jazan,Jazan health directorate
2/8/2025,,M,16,Transferred from another hospital,2/9/25 0:00,2/9/25 20:09,20:09,Blunt,131,15,19,Minor (All Other Injuries),No injury,No injury,No injury,No injury,No injury,1,Admission,100%,sabya General Hospital,Jazan health directorate
2/9/2025,,M,16,By Red crescent,,,,Blunt,113,15,19,No injury,No injury,No injury,Minor (All Other Injuries),Minor (All Other Injuries),No injury,2,Admission,100%,Alarda General Hospital,Jazan health directorate
2/9/2025,,M,24,By Red crescent,,,,Blunt,117,15,18,Minor (All Other Injuries),Minor (All Other Injuries),No injury,No injury,Minor (All Other Injuries),No injury,3,Admission,100%,Alarda General Hospital,Jazan health directorate
2/9/2025,,M,5,By Private car/walk-in,,,,Blunt,122,14,22,"Moderate: Tiny Epidural, Subdural, or Intracerebral  Hematoma",No injury,No injury,No injury,No injury,No injury,4,Admission,100%,Beesh General Hospital,Jazan health directorate
2/9/2025,,F,96,By Red crescent,,,,Blunt,158,15,20,No injury,No injury,No injury,No injury,Moderate: Fractures (upper or lower extremity) not open,No injury,4,Admission,98%,Beesh General Hospital,Jazan health directorate
2/9/2025,,F,88,By Red crescent,,,,Blunt,142,15,20,No injury,No injury,No injury,No injury,Serious: Pelvic Ring Fracture (Open Book),No injury,9,Admission,97%,Beesh General Hospital,Jazan health directorate
2/9/2025,,F,18,By Red crescent,,,,Blunt,124,15,18,No injury,No injury,No injury,Minor (All Other Injuries),Minor (All Other Injuries),No injury,2,Discharged home,100%,Damad General Hospital,Jazan health directorate
2/9/2025,,M,25,By Red crescent,,,,Blunt,136,15,18,No injury,No injury,No injury,No injury,Minor (All Other Injuries),Minor (All Other Injuries),2,Discharged home,100%,Damad General Hospital,Jazan health directorate
2/9/2025,,M,60,By Red crescent,,,,Blunt,135,15,18,No injury,No injury,No injury,No injury,Minor (All Other Injuries),No injury,1,Discharged home,98%,Damad General Hospital,Jazan health directorate
2/9/2025,,M,76,By Private car/walk-in,,,,Blunt,137,15,17,No injury,No injury,No injury,No injury,Minor (All Other Injuries),No injury,1,Discharged home,98%,Damad General Hospital,Jazan health directorate
2/9/2025,,M,34,By Red crescent,,,,Blunt,136,15,16,No injury,No injury,No injury,No injury,Minor (All Other Injuries),No injury,1,Discharged home,100%,Damad General Hospital,Jazan health directorate
2/9/2025,,F,1,Transferred from another hospital,9/2/25 15:55,9/2/25 17:40,1:45,Blunt,98,15,22,"Moderate: Tiny Epidural, Subdural, or Intracerebral  Hematoma",No injury,No injury,No injury,No injury,No injury,4,Admission,100%,King Fahd Central Hospital in Jazan,Jazan health directorate
2/9/2025,,M,20,By Red crescent,,,,Blunt,98,15,22,No injury,No injury,No injury,No injury,Moderate: Fractures (upper or lower extremity) not open,No injury,4,Admission,100%,King Fahd Central Hospital in Jazan,Jazan health directorate
2/9/2025,,M,23,Transferred from another hospital,9/2/25 8:59,9/2/25 10:01,1:02,Penetrating,123,15,18,No injury,No injury,No injury,No injury,Minor (All Other Injuries),No injury,1,Admission,99%,King Fahd Central Hospital in Jazan,Jazan health directorate
2/9/2025,,F,60,By Private car/walk-in,,,,Blunt,134,15,16,No injury,No injury,No injury,No injury,Moderate: Fractures (upper or lower extremity) not open,No injury,4,Admission,98%,King Fahd Central Hospital in Jazan,Jazan health directorate
2/9/2025,,M,31,By Red crescent,,,,Penetrating,85,15,20,No injury,No injury,No injury,"Moderate: Small bowel, Colon, or rectal injury less than 50% circumference",Serious: Vascualr injury (upper or lower extremity) with major blood loss,No injury,13,Admission,98%,King Fahd Central Hospital in Jazan,Jazan health directorate
2/9/2025,,M,35,By Red crescent,,,,Penetrating,144,13,18,No injury,No injury,No injury,No injury,Serious: Vascualr injury (upper or lower extremity) with major blood loss,No injury,9,Death in ED,99%,sabya General Hospital,Jazan health directorate
2/10/2025,,M,23,By Red crescent,,,,Penetrating,140,15,20,Minor (All Other Injuries),Minor (All Other Injuries),No injury,No injury,Minor (All Other Injuries),No injury,3,Transferred to another hospital,99%,Alarda General Hospital,Jazan health directorate
2/10/2025,,M,39,By Red crescent,,,,Penetrating,122,15,17,Minor (All Other Injuries),No injury,Minor (All Other Injuries),No injury,Minor (All Other Injuries),No injury,3,Transferred to another hospital,99%,Alarda General Hospital,Jazan health directorate
2/10/2025,,M,27,By Red crescent,,,,Penetrating,132,15,18,Minor (All Other Injuries),Minor (All Other Injuries),No injury,No injury,Minor (All Other Injuries),No injury,3,Transferred to another hospital,99%,Alarda General Hospital,Jazan health directorate
2/10/2025,,M,11,By Private car/walk-in,,,,Blunt,100,15,20,No injury,No injury,No injury,No injury,Moderate: Fractures (upper or lower extremity) not open,No injury,4,Admission,100%,Beesh General Hospital,Jazan health directorate
2/10/2025,,M,11,By Private car/walk-in,,,,Blunt,109,15,20,No injury,No injury,No injury,No injury,Moderate: Fractures (upper or lower extremity) not open,No injury,4,Admission,100%,Beesh General Hospital,Jazan health directorate
2/10/2025,,M,2,Transferred from another hospital,10/2/25 1:55,10/2/25 3:00,1:05,Penetrating,91,15,18,No injury,No injury,No injury,No injury,No injury,Minor (All Other Injuries),1,Admission,99%,King Fahd Central Hospital in Jazan,Jazan health directorate
2/10/2025,,M,2,Transferred from another hospital,10/2/25 8:20,10/2/25 9:26,1:06,Penetrating,81,15,24,No injury,No injury,No injury,No injury,Moderate: Amputation at wrist or ankle,No injury,4,Admission,99%,King Fahd Central Hospital in Jazan,Jazan health directorate
2/10/2025,,M,33,By Private car/walk-in,,,,Penetrating,123,15,18,No injury,No injury,No injury,No injury,Serious: Open Fractures (upper or lower extremity),No injury,9,Admission,99%,King Fahd Central Hospital in Jazan,Jazan health directorate
2/11/2025,,M,16,By Private car/walk-in,,,,Blunt,110,15,16,No injury,No injury,No injury,No injury,Moderate: Fractures (upper or lower extremity) not open,No injury,4,Admission,100%,Alhorath General Hospital,Jazan health directorate
2/11/2025,,M,16,By Private car/walk-in,,,,Blunt,138,9,19,No injury,Serious: Penetrating face injury with major blood loss (more than 20%),No injury,No injury,Minor (All Other Injuries),No injury,10,Transferred to another hospital,99%,Alhorath General Hospital,Jazan health directorate
2/11/2025,,M,17,By Private car/walk-in,,,,Blunt,111,15,18,No injury,No injury,No injury,No injury,No injury,Minor (All Other Injuries),1,Discharged home,100%,Alhorath General Hospital,Jazan health directorate
2/11/2025,,M,19,By Private car/walk-in,,,,Blunt,133,13,20,"Moderate: Tiny Epidural, Subdural, or Intracerebral  Hematoma",No injury,No injury,No injury,No injury,No injury,4,Transferred to another hospital,100%,Alhorath General Hospital,Jazan health directorate
2/11/2025,,M,18,By Private car/walk-in,,,,Blunt,118,15,15,No injury,No injury,No injury,No injury,No injury,Minor (All Other Injuries),1,Discharged home,100%,Alhorath General Hospital,Jazan health directorate
2/11/2025,,M,19,By Private car/walk-in,,,,Blunt,121,15,15,No injury,No injury,No injury,No injury,No injury,No injury,0,Discharged home,100%,Alhorath General Hospital,Jazan health directorate
2/11/2025,,M,22,By Private car/walk-in,,,,Blunt,110,15,15,No injury,No injury,No injury,No injury,No injury,Minor (All Other Injuries),1,Discharged home,100%,Alhorath General Hospital,Jazan health directorate
2/11/2025,,M,17,By Private car/walk-in,,,,Blunt,109,15,15,No injury,No injury,No injury,No injury,No injury,Minor (All Other Injuries),1,Discharged home,100%,Alhorath General Hospital,Jazan health directorate
2/11/2025,,M,16,By Private car/walk-in,,,,Blunt,137,13,17,No injury,Moderate: Penetrating face injury tissue loss,No injury,No injury,No injury,No injury,4,Discharged home,100%,Alhorath General Hospital,Jazan health directorate
2/11/2025,,F,78,By Red crescent,,,,Blunt,123,15,18,No injury,No injury,No injury,No injury,Moderate: Fractures (upper or lower extremity) not open,No injury,4,Admission,98%,King Fahd Central Hospital in Jazan,Jazan health directorate
2/11/2025,,F,6,By Private car/walk-in,,,,Blunt,95,15,22,No injury,No injury,No injury,No injury,Moderate: Fractures (upper or lower extremity) not open,No injury,4,Admission,100%,King Fahd Central Hospital in Jazan,Jazan health directorate
2/11/2025,,M,49,Transferred from another hospital,11/2/25 14:12,11/2/25 15:12,1:00,Penetrating,132,15,18,No injury,No injury,No injury,No injury,No injury,Minor (All Other Injuries),1,Admission,99%,King Fahd Central Hospital in Jazan,Jazan health directorate
2/11/2025,,F,70,By Private car/walk-in,,,,Penetrating,140,15,18,No injury,No injury,No injury,No injury,No injury,Serious: 2nd or 3rd degree burns involving 20% to 29% Total Body Surface,9,Admission,97%,King Fahd Central Hospital in Jazan,Jazan health directorate
2/11/2025,,M,84,By Red crescent,,,,Blunt,89,9,22,Severe: Diffuse Axonal Injury,No injury,Moderate: Multiple rib fractures,Moderate: Kidney laceration (less than 1 cm not reaching the collecting system) or small contusion,Serious: Pelvic Ring Fracture (Open Book),No injury,29,Admission,59%,King Fahd Central Hospital in Jazan,Jazan health directorate
2/12/2025,,M,30,By Red crescent,,,,Penetrating,110,15,21,No injury,No injury,No injury,Serious: Abdominal named artery or vein intimal tair or laceration (incomplete with mild bleeding),No injury,No injury,9,Transferred to another hospital,99%,Alarda General Hospital,Jazan health directorate
2/12/2025,,M,37,Transferred from another hospital,12/2/25 3:02,12/2/25 4:34,1:32,Blunt,132,15,17,"Severe: Small to Moderate Epidural, Subdural, or Intracerebral  Hematoma",No injury,No injury,No injury,No injury,No injury,16,Admission,99%,King Fahd Central Hospital in Jazan,Jazan health directorate
2/12/2025,,M,11,By Private car/walk-in,,,,Blunt,93,15,18,No injury,No injury,No injury,No injury,Moderate: Fractures (upper or lower extremity) not open,No injury,4,Admission,100%,King Fahd Central Hospital in Jazan,Jazan health directorate
2/12/2025,,M,23,Transferred from another hospital,12/2/25 16:05,12/2/25 17:44,1:39,Penetrating,135,15,17,No injury,No injury,Minor (All Other Injuries),No injury,Minor (All Other Injuries),No injury,2,Transferred to another hospital,99%,King Fahd Central Hospital in Jazan,Jazan health directorate
2/12/2025,,M,28,By Red crescent,,,,Penetrating,98,14,19,No injury,No injury,Serious: Hemothorax,No injury,Serious: Vascualr injury (upper or lower extremity) with major blood loss,Minor (All Other Injuries),19,Admission,98%,sabya General Hospital,Jazan health directorate
2/12/2025,,F,16,By Private car/walk-in,,,,Blunt,111,15,18,No injury,Moderate: Penetrating face injury tissue loss,No injury,No injury,No injury,Critical: 2nd or 3rd degree burns involving 40% to 90% Total Body Surface,29,Transferred to another hospital,97%,sabya General Hospital,Jazan health directorate
2/13/2025,,F,3,By Private car/walk-in,,,,Penetrating,85,15,26,No injury,No injury,No injury,No injury,No injury,Minor (All Other Injuries),1,Transferred to another hospital,99%,Ahd Almasarha General Hospital,Jazan health directorate
2/13/2025,,F,42,By Red crescent,,,,Blunt,130,15,19,Minor (All Other Injuries),No injury,Minor (All Other Injuries),No injury,No injury,No injury,2,Discharged home,100%,Alarda General Hospital,Jazan health directorate
2/13/2025,,M,22,By Private car/walk-in,,,,Blunt,117,15,18,Minor (All Other Injuries),Minor (All Other Injuries),No injury,No injury,Minor (All Other Injuries),Minor (All Other Injuries),3,Discharged home,100%,Damad General Hospital,Jazan health directorate
2/13/2025,,F,1,By Private car/walk-in,,,,Blunt,112,15,40,No injury,No injury,No injury,No injury,No injury,No injury,0,Transferred to another hospital,100%,Damad General Hospital,Jazan health directorate
2/13/2025,,M,34,By Private car/walk-in,,,,Blunt,119,15,16,No injury,No injury,Minor (All Other Injuries),No injury,No injury,no injury,1,Discharged home,100%,Damad General Hospital,Jazan health directorate
2/13/2025,,M,42,Transferred from another hospital,2/13/2025 12:05,2/13/2025 13:42,1:37,Penetrating,102,14,20,No injury,No injury,No injury,No injury,Serious: Open Fractures (upper or lower extremity),No injury,9,Admission,99%,King Fahd Central Hospital in Jazan,Jazan health directorate
2/13/2025,,F,69,Transferred from another hospital,2/13/2025 01:15,2/13/2025 02:37,1:22,Blunt,142,15,17,Minor (All Other Injuries),No injury,No injury,No injury,No injury,No injury,1,Admission,98%,King Fahd Central Hospital in Jazan,Jazan health directorate
2/13/2025,,M,25,Transferred from another hospital,2/13/2025 02:37,2/13/2025 12:05,9:28,Penetrating,115,15,18,No injury,No injury,Serious: Hemothorax,No injury,No injury,No injury,9,Admission,99%,King Fahd Central Hospital in Jazan,Jazan health directorate
2/13/2025,,M,23,Transferred from another hospital,2/13/2025 21:00,2/13/2025 22:24,1:24,Penetrating,123,15,20,No injury,No injury,No injury,No injury,No injury,Minor (All Other Injuries),1,Transferred to another hospital,99%,King Fahd Central Hospital in Jazan,Jazan health directorate
2/13/2025,,M,5,By Private car/walk-in,,,,Blunt,102,15,24,No injury,No injury,No injury,No injury,Moderate: Fractures (upper or lower extremity) not open,No injury,4,Admission,100%,King Fahd Central Hospital in Jazan,Jazan health directorate
2/14/2025,,M,27,By Red crescent,,,,Blunt,136,15,18,No injury,No injury,No injury,No injury,Minor (All Other Injuries),No injury,1,Admission,100%,Alarda General Hospital,Jazan health directorate
2/14/2025,,M,32,By Red crescent,,,,Penetrating,106,15,22,No injury,Minor (All Other Injuries),No injury,No injury,No injury,No injury,1,Transferred to another hospital,99%,Almwassam General Hospital,Jazan health directorate
2/14/2025,,M,16,By Private car/walk-in,,,,Blunt,115,15,20,No injury,No injury,No injury,No injury,Moderate: Fractures (upper or lower extremity) not open,No injury,4,Admission,100%,Beesh General Hospital,Jazan health directorate
2/14/2025,,M,19,By Private car/walk-in,,,,Blunt,119,15,19,No injury,No injury,No injury,No injury,Moderate: Fractures (upper or lower extremity) not open,No injury,4,Admission,100%,Beesh General Hospital,Jazan health directorate
2/14/2025,,M,19,By Red crescent,,,,Blunt,95,15,20,No injury,No injury,Serious: Rib fractures with flial chest,No injury,Moderate: Fractures (upper or lower extremity) not open,No injury,13,Transferred to another hospital,99%,Jazan General Hospital,Jazan health directorate
2/14/2025,,M,3,Transferred from another hospital,2/14/2025 04:15,2/14/2025 05:27,1:12,Penetrating,98,15,26,No injury,No injury,No injury,No injury,Minor (All Other Injuries),Minor (All Other Injuries),2,Admission,99%,King Fahd Central Hospital in Jazan,Jazan health directorate
2/14/2025,,M,23,Transferred from another hospital,2/14/2025 17:05,2/14/2025 18:22,1:17,Blunt,125,8,20,Severe: Diffuse Axonal Injury,Minor (All Other Injuries),No injury,Minor (All Other Injuries),No injury,Minor (All Other Injuries),18,Admission,95%,King Fahd Central Hospital in Jazan,Jazan health directorate
2/14/2025,,F,45,Transferred from another hospital,2/14/2025 22:15,2/14/2025 23:57,1:42,Penetrating,135,15,18,No injury,No injury,No injury,No injury,No injury,Moderate: 2nd or 3rd degree burns involving 10% to 19% Total Body Surface,4,Admission,99%,King Fahd Central Hospital in Jazan,Jazan health directorate
2/15/2025,,M,30,By Red crescent,,,,Penetrating,113,15,17,No injury,No injury,No injury,No injury,Minor (All Other Injuries),No injury,1,Transferred to another hospital,99%,Alarda General Hospital,Jazan health directorate
2/15/2025,,M,24,By Private car/walk-in,,,,Blunt,127,15,21,No injury,No injury,No injury,No injury,Minor (All Other Injuries),No injury,1,Discharged home,100%,Bani Malek General Hospital,Jazan health directorate
2/15/2025,,M,22,By Private car/walk-in,,,,Blunt,118,15,22,No injury,No injury,No injury,No injury,Minor (All Other Injuries),No injury,1,Discharged home,100%,Bani Malek General Hospital,Jazan health directorate
2/15/2025,,M,21,By Private car/walk-in,,,,Blunt,121,15,20,No injury,No injury,No injury,No injury,Minor (All Other Injuries),No injury,1,Discharged home,100%,Bani Malek General Hospital,Jazan health directorate
2/15/2025,,M,22,By Private car/walk-in,,,,Blunt,124,15,19,No injury,No injury,No injury,No injury,Minor (All Other Injuries),No injury,1,Discharged home,100%,Bani Malek General Hospital,Jazan health directorate
2/15/2025,,M,29,Transferred from another hospital,2/15/2025 00:00,2/15/2025 01:32,1:32,Blunt,123,15,17,No injury,No injury,No injury,No injury,No injury,Minor (All Other Injuries),1,Admission,100%,King Fahd Central Hospital in Jazan,Jazan health directorate
2/15/2025,,M,66,By Private car/walk-in,,,,Penetrating,142,15,20,No injury,No injury,No injury,No injury,No injury,Minor (All Other Injuries),1,Admission,98%,King Fahd Central Hospital in Jazan,Jazan health directorate
2/15/2025,,M,23,By Red crescent,,,,Penetrating,121,8,17,No injury,No injury,No injury,No injury,No injury,Critical: 2nd or 3rd degree burns involving 40% to 90% Total Body Surface,25,Admission,85%,King Fahd Central Hospital in Jazan,Jazan health directorate
2/15/2025,,M,25,Transferred from another hospital,2/15/2025 15:00,2/15/2025 16:36,1:36,Penetrating,111,8,20,No injury,No injury,No injury,No injury,No injury,Critical: 2nd or 3rd degree burns involving 40% to 90% Total Body Surface,25,Admission,85%,King Fahd Central Hospital in Jazan,Jazan health directorate
2/15/2025,,M,22,Transferred from another hospital,2/15/2025 05:36,2/15/2025 07:08,1:32,Blunt,103,15,18,No injury,Moderate: LeFort I Fracture or LeFort II Fracture,No injury,No injury,No injury,No injury,4,Admission,100%,sabya General Hospital,Jazan health directorate
2/15/2025,,M,30,Transferred from another hospital,2/15/2025 00:00,2/15/2025 03:56,3:56,Blunt,135,15,17,No injury,No injury,Minor (All Other Injuries),No injury,Moderate: Fractures (upper or lower extremity) not open,No injury,5,Admission,100%,sabya General Hospital,Jazan health directorate
2/16/2025,,M,46,By Private car/walk-in,,,,Penetrating,139,15,15,No injury,No injury,No injury,No injury,No injury,No injury,0,Discharged home,99%,Alhorath General Hospital,Jazan health directorate
2/16/2025,,M,9,By Private car/walk-in,,,,Blunt,100,15,20,No injury,No injury,No injury,No injury,Moderate: Fractures (upper or lower extremity) not open,No injury,4,Admission,100%,Beesh General Hospital,Jazan health directorate
2/16/2025,,M,40,By Private car/walk-in,,,,Blunt,121,15,18,No injury,No injury,No injury,No injury,No injury,no injury,0,Discharged home,100%,Damad General Hospital,Jazan health directorate
2/16/2025,,M,32,By Private car/walk-in,,,,Blunt,128,15,20,Minor (All Other Injuries),No injury,No injury,No injury,Minor (All Other Injuries),Minor (All Other Injuries),3,Transferred to another hospital,100%,Damad General Hospital,Jazan health directorate
2/16/2025,,M,21,By Private car/walk-in,,,,Blunt,120,15,23,No injury,Minor (All Other Injuries),No injury,No injury,No injury,Minor (All Other Injuries),2,Discharged home,100%,Damad General Hospital,Jazan health directorate
2/16/2025,,M,3,By Private car/walk-in,,,,Blunt,98,15,24,"Moderate: Tiny Epidural, Subdural, or Intracerebral  Hematoma",No injury,No injury,No injury,No injury,No injury,4,Admission,100%,King Fahd Central Hospital in Jazan,Jazan health directorate
2/16/2025,,M,25,Transferred from another hospital,2/16/2025 20:02,2/16/2025 22:27,2:25,Blunt,104,10,25,No injury,No injury,No injury,"Severe: Small bowel, Colon, or rectal injury massive complex tissue loss",No injury,No injury,16,Admission,98%,sabya General Hospital,Jazan health directorate
2/16/2025,,M,28,Transferred from another hospital,2/16/2025 17:44,2/16/2025 19:05,1:21,Penetrating,114,15,23,No injury,No injury,No injury,"Serious: Small bowel, Colon, or rectal injury more than 50% circumference",No injury,No injury,9,Admission,99%,sabya General Hospital,Jazan health directorate
2/17/2025,,M,53,By Private car/walk-in,,,,Blunt,145,15,22,Moderate: Simple undisplaced Skull Fracture,No injury,No injury,No injury,No injury,No injury,4,Transferred to another hospital,100%,Alreath General Hospital,Jazan health directorate
2/17/2025,,M,27,By Private car/walk-in,,,,Blunt,160,15,18,Minor (All Other Injuries),No injury,No injury,,No injury,Minor (All Other Injuries),2,Transferred to another hospital,100%,Alreath General Hospital,Jazan health directorate
2/17/2025,,M,16,Transferred from another hospital,2/17/2025 01:15,2/17/2025 02:23,1:08,Blunt,123,15,17,No injury,No injury,No injury,No injury,Moderate: Fractures (upper or lower extremity) not open,No injury,4,Admission,100%,King Fahd Central Hospital in Jazan,Jazan health directorate
2/17/2025,,M,87,Transferred from another hospital,2/17/2025 19:15,2/17/2025 20:17,1:02,Blunt,132,15,18,"Severe: Small to Moderate Epidural, Subdural, or Intracerebral  Hematoma",No injury,No injury,No injury,No injury,No injury,16,Admission,94%,King Fahd Central Hospital in Jazan,Jazan health directorate
2/18/2025,,M,17,By Red crescent,,,,Blunt,118,15,20,No injury,No injury,No injury,No injury,Minor (All Other Injuries),No injury,1,Admission,100%,Alarda General Hospital,Jazan health directorate
2/18/2025,,M,14,By Private car/walk-in,,,,Blunt,129,15,18,No injury,No injury,No injury,No injury,Moderate: Fractures (upper or lower extremity) not open,No injury,4,Admission,100%,Beesh General Hospital,Jazan health directorate
2/18/2025,,M,20,By Red crescent,,,,Blunt,136,15,20,No injury,No injury,No injury,No injury,Moderate: Fractures (upper or lower extremity) not open,No injury,4,Admission,100%,Beesh General Hospital,Jazan health directorate
2/18/2025,,F,96,By Private car/walk-in,,,,Blunt,135,15,16,No injury,No injury,No injury,No injury,Moderate: Fractures (upper or lower extremity) not open,No injury,4,Admission,98%,Beesh General Hospital,Jazan health directorate
2/18/2025,,M,15,By Red crescent,,,,Penetrating,89,7,20,Serious: Small Brain Contusion ,Moderate: Penetrating face injury tissue loss,Moderate: Multiple rib fractures,Moderate: Liver laceration less than 3 cm deep ,Minor (All Other Injuries),No injury,17,Admission,83%,King Fahd Central Hospital in Jazan,Jazan health directorate
2/18/2025,,M,14,Transferred from another hospital,2/18/2025 16:01,2/18/2025 17:17,1:16,Blunt,123,15,18,Minor (All Other Injuries),No injury,No injury,No injury,No injury,No injury,1,Admission,100%,King Fahd Central Hospital in Jazan,Jazan health directorate
2/18/2025,,F,80,By Private car/walk-in,,,,Blunt,134,15,20,No injury,No injury,No injury,No injury,Moderate: Fractures (upper or lower extremity) not open,No injury,4,Admission,98%,King Fahd Central Hospital in Jazan,Jazan health directorate
2/18/2025,,M,32,By Private car/walk-in,,,,Blunt,131,15,18,No injury,No injury,No injury,No injury,No injury,Moderate: 2nd or 3rd degree burns involving 10% to 19% Total Body Surface,4,Transferred to another hospital,100%,sabya General Hospital,Jazan health directorate
2/19/2025,,M,29,By Red crescent,,,,Blunt,117,15,19,No injury,No injury,No injury,No injury,Moderate: Fractures (upper or lower extremity) not open,No injury,4,Admission,100%,Beesh General Hospital,Jazan health directorate
2/19/2025,,F,48,By Private car/walk-in,,,,Blunt,137,15,20,No injury,No injury,No injury,No injury,No injury,Minor (All Other Injuries),1,Discharged home,100%,Damad General Hospital,Jazan health directorate
2/19/2025,,M,33,Transferred from another hospital,2/19/2025 17:01,2/19/2025 18:53,1:52,Penetrating,123,15,18,No injury,No injury,No injury,No injury,No injury,Moderate: 2nd or 3rd degree burns involving 10% to 19% Total Body Surface,4,Admission,99%,King Fahd Central Hospital in Jazan,Jazan health directorate
2/19/2025,,F,10,By Private car/walk-in,,,,Penetrating,118,15,20,No injury,No injury,No injury,No injury,Moderate: Amputation at wrist or ankle,No injury,4,Admission,99%,King Fahd Central Hospital in Jazan,Jazan health directorate
2/20/2025,,M,23,By Red crescent,,,,Penetrating,130,15,18,Minor (All Other Injuries),Minor (All Other Injuries),No injury,No injury,No injury,No injury,2,Admission,99%,Alarda General Hospital,Jazan health directorate
2/20/2025,,M,27,By Private car/walk-in,,,,Blunt,128,15,18,No injury,No injury,Minor (All Other Injuries),No injury,No injury,Minor (All Other Injuries),2,Discharged home,100%,Damad General Hospital,Jazan health directorate
2/20/2025,,M,4,By Private car/walk-in,,,,Blunt,111,15,18,No injury,No injury,No injury,No injury,Moderate: Fractures (upper or lower extremity) not open,No injury,4,Admission,100%,King Fahd Central Hospital in Jazan,Jazan health directorate
2/20/2025,,F,5,Transferred from another hospital,2/20/2025 02:10,2/20/2025 03:25,1:15,Blunt,108,15,17,No injury,No injury,No injury,No injury,Moderate: Fractures (upper or lower extremity) not open,No injury,4,Admission,100%,King Fahd Central Hospital in Jazan,Jazan health directorate
2/20/2025,,M,21,By Red crescent,,,,Blunt,123,14,20,Minor (All Other Injuries),No injury,No injury,No injury,No injury,No injury,1,Admission,100%,King Fahd Central Hospital in Jazan,Jazan health directorate
2/20/2025,,M,16,Transferred from another hospital,2/20/2025 23:30,2/21/2025 01:22,1:52,Blunt,122,15,21,No injury,Moderate: LeFort I Fracture or LeFort II Fracture,No injury,No injury,No injury,No injury,4,Admission,100%,sabya General Hospital,Jazan health directorate
2/21/2025,,M,19,By Red crescent,,,,Blunt,140,15,17,No injury,No injury,No injury,No injury,No injury,Moderate: 2nd or 3rd degree burns involving 10% to 19% Total Body Surface,4,Admission,100%,King Fahd Central Hospital in Jazan,Jazan health directorate
2/21/2025,,M,19,Transferred from another hospital,2/21/2025 00:00,2/21/2025 01:28,1:28,Blunt,98,8,20,No injury,No injury,Serious: Lung contusion,Moderate: Liver laceration less than 3 cm deep ,Serious: Pelvic Ring Fracture (Open Book),No injury,22,Admission,93%,King Fahd Central Hospital in Jazan,Jazan health directorate
2/21/2025,,M,33,Transferred from another hospital,2/21/2025 01:00,2/21/2025 02:27,1:27,Blunt,123,15,18,No injury,No injury,Minor (All Other Injuries),Minor (All Other Injuries),Serious: Pelvic Ring Fracture (Open Book),No injury,11,Admission,99%,King Fahd Central Hospital in Jazan,Jazan health directorate
2/21/2025,,F,42,Transferred from another hospital,2/21/2025 01:15,2/21/2025 02:23,1:08,Penetrating,124,15,18,Minor (All Other Injuries),No injury,No injury,No injury,No injury,No injury,1,Admission,99%,King Fahd Central Hospital in Jazan,Jazan health directorate
2/21/2025,,F,9,Transferred from another hospital,2/21/2025 02:15,2/21/2025 03:45,1:30,Blunt,110,15,22,No injury,No injury,No injury,No injury,No injury,Moderate: 2nd or 3rd degree burns involving 10% to 19% Total Body Surface,4,Admission,100%,King Fahd Central Hospital in Jazan,Jazan health directorate
2/21/2025,,F,60,Transferred from another hospital,2/21/2025 04:19,2/21/2025 05:50,1:31,Blunt,124,8,18,"Moderate: Tiny Epidural, Subdural, or Intracerebral  Hematoma",No injury,No injury,No injury,No injury,No injury,4,Transferred to another hospital,91%,King Fahd Central Hospital in Jazan,Jazan health directorate
2/21/2025,,M,10,Transferred from another hospital,2/20/2025 23:30,2/21/2025 02:27,2:57,Blunt,97,13,22,No injury,No injury,No injury,Severe: Liver disruption involving less than 75% of the liver lobe,No injury,No injury,16,Admission,99%,sabya General Hospital,Jazan health directorate
2/21/2025,,M,20,By Red crescent,,,,Blunt,101,15,19,No injury,No injury,No injury,No injury,Moderate: Vascualr injury (upper or lower extremity) without major blood loss,No injury,4,Admission,100%,sabya General Hospital,Jazan health directorate
2/22/2025,,M,13,By Red crescent,,,,Blunt,131,15,21,Minor (All Other Injuries),Minor (All Other Injuries),No injury,Minor (All Other Injuries),Minor (All Other Injuries),No injury,3,Admission,100%,Alarda General Hospital,Jazan health directorate
2/22/2025,,M,15,By Red crescent,,,,Blunt,136,15,17,Minor (All Other Injuries),Minor (All Other Injuries),No injury,No injury,Minor (All Other Injuries),No injury,3,Admission,100%,Alarda General Hospital,Jazan health directorate
2/22/2025,,M,13,By Red crescent,,,,Blunt,122,15,18,Moderate: Intra-ventricular hemorrhage or subarachnoid hemorrhage,No injury,No injury,No injury,Moderate: Fractures (upper or lower extremity) not open,No injury,8,Admission,99%,King Fahd Central Hospital in Jazan,Jazan health directorate
2/22/2025,,M,41,By Red crescent,,,,Blunt,123,15,18,"Moderate: Tiny Epidural, Subdural, or Intracerebral  Hematoma",Moderate: LeFort I Fracture or LeFort II Fracture,No injury,No injury,No injury,No injury,8,Admission,99%,King Fahd Central Hospital in Jazan,Jazan health directorate
2/22/2025,,M,11,Transferred from another hospital,2/22/2025 00:00,2/22/2025 01:33,1:33,Blunt,111,8,18,No injury,No injury,No injury,No injury,Moderate: Fractures (upper or lower extremity) not open,No injury,4,Admission,98%,King Fahd Central Hospital in Jazan,Jazan health directorate
2/22/2025,,M,29,By Red crescent,,,,Blunt,145,10,23,"Critical: Large Epidural, Subdural, or Intracerebral  Hematoma",No injury,No injury,No injury,No injury,No injury,25,Admission,95%,sabya General Hospital,Jazan health directorate
2/22/2025,,M,25,Transferred from another hospital,2/3/25 17:05,2/3/25 22:45,5:40,Penetrating,127,3,16,"Moderate: Tiny Epidural, Subdural, or Intracerebral  Hematoma",Minor (All Other Injuries),Minor (All Other Injuries),Minor (All Other Injuries),Minor (All Other Injuries),Minor (All Other Injuries),6,Transferred to another hospital,76%,Samtah General Hospital,Jazan health directorate
2/23/2025,,M,28,By Red crescent,,,,Blunt,122,15,21,No injury,No injury,No injury,Minor (All Other Injuries),No injury,No injury,1,Admission,100%,Alarda General Hospital,Jazan health directorate
2/23/2025,,M,17,By Red crescent,,,,Blunt,133,15,19,Minor (All Other Injuries),No injury,No injury,No injury,No injury,No injury,1,DAMA,100%,Alarda General Hospital,Jazan health directorate
2/23/2025,,M,25,Transferred from another hospital,2/23/2025 19:16,2/23/2025 20:32,1:16,Blunt,124,8,18,Minor (All Other Injuries),No injury,No injury,No injury,No injury,No injury,1,Admission,99%,King Fahd Central Hospital in Jazan,Jazan health directorate
2/23/2025,,M,18,By Private car/walk-in,,,,Blunt,122,15,18,Critical: Severe Brain Edema (Absent ventricles or brain stem cisterns),No injury,No injury,No injury,No injury,No injury,25,Admission,98%,King Fahd Central Hospital in Jazan,Jazan health directorate
2/23/2025,,M,24,By Red crescent,,,,Blunt,111,8,18,No injury,No injury,No injury,No injury,No injury,Moderate: 2nd or 3rd degree burns involving 10% to 19% Total Body Surface,4,Transferred to another hospital,98%,King Fahd Central Hospital in Jazan,Jazan health directorate
2/23/2025,,M,23,Transferred from another hospital,2/23/2025 12:00,2/23/2025 13:29,1:29,Blunt,126,6,18,Minor (All Other Injuries),Moderate: LeFort I Fracture or LeFort II Fracture,No injury,Moderate: Urinary Bladder Contusion,Serious: Pelvic Ring Fracture (Open Book),No injury,17,Admission,95%,King Fahd Central Hospital in Jazan,Jazan health directorate
2/23/2025,,F,42,Transferred from another hospital,2/23/2025 16:19,2/23/2025 17:52,1:33,Penetrating,110,15,18,Serious: Mild Brain Edema (Compressed ventricles without brain stem cisterns),No injury,No injury,No injury,Moderate: Fractures (upper or lower extremity) not open,No injury,13,Admission,99%,King Fahd Central Hospital in Jazan,Jazan health directorate
2/23/2025,,F,67,Transferred from another hospital,2/23/2025 17:00,2/23/2025 18:46,1:46,Penetrating,142,15,18,No injury,No injury,No injury,No injury,No injury,Moderate: 2nd or 3rd degree burns involving 10% to 19% Total Body Surface,4,Admission,98%,King Fahd Central Hospital in Jazan,Jazan health directorate
2/23/2025,,F,1,Transferred from another hospital,2/23/2025 19:16,2/23/2025 20:43,1:27,Penetrating,89,15,24,No injury,No injury,No injury,No injury,Moderate: Compartment syndrome (upper or lower extremity) without muscle loss,No injury,4,Admission,99%,King Fahd Central Hospital in Jazan,Jazan health directorate
2/23/2025,,M,38,Transferred from another hospital,2/23/2025 20:00,2/23/2025 21:12,1:12,Penetrating,123,3,18,No injury,No injury,No injury,No injury,No injury,Moderate: 2nd or 3rd degree burns involving 10% to 19% Total Body Surface,4,Admission,78%,King Fahd Central Hospital in Jazan,Jazan health directorate
2/24/2025,,F,55,By Private car/walk-in,,,,Penetrating,134,15,18,Critical: Massive Brain Contusion ,No injury,No injury,No injury,No injury,No injury,25,Admission,92%,King Fahd Central Hospital in Jazan,Jazan health directorate
2/24/2025,,F,15,Transferred from another hospital,2/24/2025 05:16,2/24/2025 06:43,1:27,Blunt,123,15,18,No injury,No injury,No injury,No injury,No injury,Minor (All Other Injuries),1,Admission,100%,King Fahd Central Hospital in Jazan,Jazan health directorate
2/25/2025,,M,40,By Private car/walk-in,,,,Blunt,133,15,19,No injury,No injury,No injury,No injury,Moderate: Fractures (upper or lower extremity) not open,No injury,4,Admission,100%,Beesh General Hospital,Jazan health directorate
2/25/2025,,M,8,Transferred from another hospital,2/25/2025 06:13,2/25/2025 07:55,1:42,Penetrating,115,15,20,No injury,No injury,No injury,Minor (All Other Injuries),No injury,No injury,1,Admission,99%,King Fahd Central Hospital in Jazan,Jazan health directorate
2/25/2025,,M,6,Transferred from another hospital,2/25/2025 19:16,2/25/2025 20:55,1:39,Penetrating,118,15,24,No injury,No injury,No injury,No injury,Moderate: Amputation at wrist or ankle,No injury,4,Admission,99%,King Fahd Central Hospital in Jazan,Jazan health directorate
2/25/2025,,M,19,By Red crescent,,,,Blunt,127,15,20,No injury,Moderate: LeFort I Fracture or LeFort II Fracture,No injury,No injury,Moderate: Fractures (upper or lower extremity) not open,Minor (All Other Injuries),9,Admission,99%,sabya General Hospital,Jazan health directorate
2/26/2025,,M,35,By Red crescent,,,,Blunt,99,3,20,Serious: Mild Brain Edema (Compressed ventricles without brain stem cisterns),No injury,No injury,No injury,No injury,No injury,9,Admission,89%,Beesh General Hospital,Jazan health directorate
2/26/2025,,M,22,By Red crescent,,,,Blunt,115,15,20,No injury,No injury,No injury,No injury,No injury,No injury,0,Discharged home,100%,Jazan General Hospital,Jazan health directorate
2/26/2025,,M,92,Transferred from another hospital,2/26/2025 16:16,2/26/2025 17:19,1:03,Blunt,114,14,25,"Moderate: Tiny Epidural, Subdural, or Intracerebral  Hematoma",Minor (All Other Injuries),Moderate: Multiple rib fractures,No injury,Moderate: Fractures (upper or lower extremity) not open,No injury,12,Admission,96%,King Fahd Central Hospital in Jazan,Jazan health directorate
2/26/2025,,M,21,By Private car/walk-in,,,,Blunt,124,15,18,No injury,Moderate: LeFort I Fracture or LeFort II Fracture,No injury,No injury,No injury,No injury,4,Admission,100%,King Fahd Central Hospital in Jazan,Jazan health directorate
2/27/2025,,M,27,By Private car/walk-in,,,,Blunt,119,15,20,No injury,No injury,No injury,No injury,Moderate: Fractures (upper or lower extremity) not open,No injury,4,Admission,100%,Beesh General Hospital,Jazan health directorate
2/27/2025,,M,19,By Red crescent,,,,Blunt,126,15,22,No injury,No injury,No injury,No injury,No injury,No injury,0,Admission,100%,Damad General Hospital,Jazan health directorate
2/27/2025,,M,38,By Private car/walk-in,,,,Blunt,116,15,22,No injury,No injury,No injury,No injury,No injury,No injury,0,Admission,100%,Damad General Hospital,Jazan health directorate
2/27/2025,,M,58,By Private car/walk-in,,,,Blunt,136,15,22,No injury,No injury,No injury,No injury,No injury,No injury,0,Admission,98%,Damad General Hospital,Jazan health directorate
2/27/2025,,M,23,Transferred from another hospital,2/27/2025 03:59,2/27/2025 05:55,1:56,Penetrating,124,15,17,No injury,Minor (All Other Injuries),No injury,No injury,No injury,No injury,1,Transferred to another hospital,99%,King Fahd Central Hospital in Jazan,Jazan health directorate
2/28/2025,,M,21,By Red crescent,,,,Blunt,123,15,18,No injury,No injury,No injury,Minor (All Other Injuries),Minor (All Other Injuries),No injury,2,Discharged home,100%,Alarda General Hospital,Jazan health directorate
2/28/2025,,M,69,By Red crescent,,,,Blunt,140,15,21,No injury,No injury,No injury,No injury,Minor (All Other Injuries),No injury,1,Discharged home,98%,Bani Malek General Hospital,Jazan health directorate
2/28/2025,,M,72,By Private car/walk-in,,,,Blunt,141,15,20,Minor (All Other Injuries),No injury,No injury,No injury,No injury,No injury,1,Admission,98%,Bani Malek General Hospital,Jazan health directorate
2/28/2025,,M,45,By Private car/walk-in,,,,Blunt,113,15,20,No injury,No injury,No injury,No injury,Moderate: Fractures (upper or lower extremity) not open,No injury,4,Admission,100%,Beesh General Hospital,Jazan health directorate
2/28/2025,,M,26,By Red crescent,,,,Blunt,97,15,18,No injury,No injury,No injury,No injury,Moderate: Fractures (upper or lower extremity) not open,No injury,4,Admission,100%,Beesh General Hospital,Jazan health directorate
2/28/2025,,M,28,Transferred from another hospital,2/28/2025 00:00,2/28/2025 01:15,1:15,Penetrating,110,15,20,No injury,No injury,No injury,Minor (All Other Injuries),Serious: Pelvic Ring Fracture (Open Book),No injury,10,Admission,99%,King Fahd Central Hospital in Jazan,Jazan health directorate
2/28/2025,,F,2,Transferred from another hospital,2/28/2025 01:15,2/28/2025 02:55,1:40,Penetrating,98,15,22,No injury,No injury,No injury,Minor (All Other Injuries),Serious: Pelvic Ring Fracture (Open Book),No injury,10,Admission,99%,King Fahd Central Hospital in Jazan,Jazan health directorate
2/28/2025,,M,5,Transferred from another hospital,2/28/2025 00:51,2/28/2025 05:28,4:37,Blunt,112,15,18,Moderate: Simple undisplaced Skull Fracture,No injury,No injury,No injury,No injury,No injury,4,Admission,100%,sabya General Hospital,Jazan health directorate
3/1/2025,,F,54,By Private car/walk-in,,,,Blunt,146,15,18,Minor (All Other Injuries),No injury,No injury,No injury,Minor (All Other Injuries),No injury,2,Discharged home,100%,Alhorath General Hospital,Jazan health directorate
3/1/2025,,M,15,By Private car/walk-in,,,,Blunt,133,15,20,No injury,No injury,No injury,No injury,Minor (All Other Injuries),Minor (All Other Injuries),2,Discharged home,100%,Alhorath General Hospital,Jazan health directorate
3/1/2025,,M,23,By Red crescent,,,,Blunt,136,15,20,Moderate: Intra-ventricular hemorrhage or subarachnoid hemorrhage,Moderate: LeFort I Fracture or LeFort II Fracture,Moderate: Sternal fracture,No injury,No injury,No injury,12,Admission,99%,Damad General Hospital,Jazan health directorate
3/1/2025,,M,23,Transferred from another hospital,1/3/25 11:00,1/3/25 12:35,1:35,Penetrating,132,15,18,No injury,No injury,No injury,No injury,Moderate: Amputation at wrist or ankle,No injury,4,Admission,99%,King Fahd Central Hospital in Jazan,Jazan health directorate
3/1/2025,,M,41,Transferred from another hospital,1/3/25 22:01,1/3/25 23:52,1:51,Penetrating,98,14,18,Minor (All Other Injuries),No injury,Moderate: Multiple rib fractures,Moderate: Liver laceration less than 3 cm deep ,Moderate: Fractures (upper or lower extremity) not open,No injury,12,Admission,99%,King Fahd Central Hospital in Jazan,Jazan health directorate
3/1/2025,,M,30,By Red crescent,,,,Blunt,113,15,19,No injury,No injury,No injury,No injury,No injury,Moderate: 2nd or 3rd degree burns involving 10% to 19% Total Body Surface,4,Transferred to another hospital,100%,sabya General Hospital,Jazan health directorate
3/2/2025,,F,1,By Private car/walk-in,,,,Penetrating,10,15,30,Minor (All Other Injuries),Minor (All Other Injuries),No injury,No injury,No injury,No injury,2,Discharged home,93%,Alhorath General Hospital,Jazan health directorate
3/2/2025,,M,28,By Private car/walk-in,,,,Penetrating,132,15,23,No injury,No injury,No injury,No injury,Minor (All Other Injuries),Minor (All Other Injuries),2,Discharged home,99%,Alreath General Hospital,Jazan health directorate
3/2/2025,,M,20,By Private car/walk-in,,,,Blunt,128,15,20,No injury,No injury,No injury,No injury,No injury,Minor (All Other Injuries),1,Discharged home,100%,Alreath General Hospital,Jazan health directorate
3/2/2025,,M,22,By Private car/walk-in,,,,Penetrating,140,15,24,Minor (All Other Injuries),No injury,No injury,No injury,Moderate: Fractures (upper or lower extremity) not open,Minor (All Other Injuries),6,Transferred to another hospital,99%,Alreath General Hospital,Jazan health directorate
3/2/2025,,M,24,By Private car/walk-in,,,,Penetrating,150,9,27,Serious: Mild Brain Edema (Compressed ventricles without brain stem cisterns),Moderate: Penetrating face injury tissue loss,Minor (All Other Injuries),No injury,No injury,Minor (All Other Injuries),14,Transferred to another hospital,97%,Alreath General Hospital,Jazan health directorate
3/2/2025,,M,19,By Private car/walk-in,,,,Blunt,122,15,19,No injury,No injury,No injury,No injury,No injury,Minor (All Other Injuries),1,DAMA,100%,Bani Malek General Hospital,Jazan health directorate
3/2/2025,,M,20,By Private car/walk-in,,,,Blunt,121,15,18,No injury,No injury,Minor (All Other Injuries),No injury,No injury,No injury,1,Admission,100%,Bani Malek General Hospital,Jazan health directorate
3/2/2025,,M,78,By Private car/walk-in,,,,Blunt,146,15,20,No injury,No injury,No injury,No injury,Moderate: Fractures (upper or lower extremity) not open,No injury,4,Admission,98%,Beesh General Hospital,Jazan health directorate
3/2/2025,,M,31,By Red crescent,,,,Blunt,126,15,20,Minor (All Other Injuries),No injury,No injury,Minor (All Other Injuries),Serious: Pelvic Ring Fracture (Open Book),Minor (All Other Injuries),11,Admission,99%,Damad General Hospital,Jazan health directorate
3/2/2025,,F,1,By Private car/walk-in,,,,Blunt,89,15,24,"Moderate: Tiny Epidural, Subdural, or Intracerebral  Hematoma",No injury,No injury,No injury,No injury,No injury,4,Admission,99%,King Fahd Central Hospital in Jazan,Jazan health directorate
3/2/2025,,F,7,Transferred from another hospital,2/3/25 0:00,2/3/25 1:51,1:51,Blunt,103,15,18,Minor (All Other Injuries),No injury,Moderate: Simple Pneumothorax,Minor (All Other Injuries),No injury,No injury,6,Admission,100%,King Fahd Central Hospital in Jazan,Jazan health directorate
3/2/2025,,M,13,Transferred from another hospital,2/3/25 9:44,2/3/25 11:13,1:29,Blunt,103,15,18,Minor (All Other Injuries),No injury,No injury,No injury,No injury,No injury,1,Admission,100%,King Fahd Central Hospital in Jazan,Jazan health directorate
3/3/2025,,M,8,By Red crescent,,,,Blunt,110,15,24,Minor (All Other Injuries),No injury,No injury,No injury,Minor (All Other Injuries),No injury,2,DAMA,100%,Alarda General Hospital,Jazan health directorate
3/3/2025,,M,39,By Red crescent,,,,Blunt,142,15,18,No injury,No injury,Minor (All Other Injuries),No injury,Minor (All Other Injuries),No injury,2,Discharged home,100%,Alarda General Hospital,Jazan health directorate
3/3/2025,,M,28,By Red crescent,,,,Blunt,121,15,19,No injury,No injury,No injury,No injury,Moderate: Fractures (upper or lower extremity) not open,No injury,4,Admission,100%,Alarda General Hospital,Jazan health directorate
3/3/2025,,F,85,By Private car/walk-in,,,,Blunt,176,15,20,No injury,No injury,No injury,No injury,Moderate: Fractures (upper or lower extremity) not open,No injury,4,Admission,98%,Beesh General Hospital,Jazan health directorate
3/3/2025,,M,31,By Red crescent,,,,Blunt,127,15,20,No injury,No injury,No injury,No injury,Minor (All Other Injuries),No injury,1,Discharged home,100%,Damad General Hospital,Jazan health directorate
3/3/2025,,M,20,By Private car/walk-in,,,,Penetrating,146,15,20,No injury,No injury,No injury,No injury,No injury,Minor (All Other Injuries),1,Discharged home,99%,Damad General Hospital,Jazan health directorate
3/3/2025,,M,5,By Private car/walk-in,,,,Blunt,110,15,18,Minor (All Other Injuries),No injury,No injury,No injury,No injury,No injury,1,Discharged home,100%,Damad General Hospital,Jazan health directorate
3/3/2025,,M,9,By Private car/walk-in,,,,Blunt,111,15,18,No injury,No injury,No injury,No injury,Moderate: Fractures (upper or lower extremity) not open,No injury,4,Admission,100%,King Fahd Central Hospital in Jazan,Jazan health directorate
3/3/2025,,M,24,By Red crescent,,,,Blunt,86,15,18,No injury,No injury,No injury,Moderate: Liver laceration less than 3 cm deep ,Serious: Open Fractures (upper or lower extremity),No injury,13,Admission,99%,King Fahd Central Hospital in Jazan,Jazan health directorate
3/3/2025,,M,13,Transferred from another hospital,3/3/25 16:33,3/3/25 18:09,1:36,Blunt,111,8,18,Critical: Severe Brain Edema (Absent ventricles or brain stem cisterns),No injury,No injury,No injury,No injury,No injury,25,Admission,91%,King Fahd Central Hospital in Jazan,Jazan health directorate
3/3/2025,,M,12,By Private car/walk-in,,,,Blunt,98,15,18,"Moderate: Tiny Epidural, Subdural, or Intracerebral  Hematoma",No injury,No injury,No injury,No injury,No injury,4,Admission,100%,King Fahd Central Hospital in Jazan,Jazan health directorate
3/4/2025,,M,37,By Private car/walk-in,,,,Blunt,115,15,17,Minor (All Other Injuries),No injury,No injury,No injury,No injury,No injury,1,Discharged home,100%,Alreath General Hospital,Jazan health directorate
3/4/2025,,M,17,By Private car/walk-in,,,,Blunt,104,15,17,Minor (All Other Injuries),No injury,No injury,No injury,No injury,No injury,1,Discharged home,100%,Alreath General Hospital,Jazan health directorate
3/4/2025,,F,23,By Private car/walk-in,,,,Blunt,143,15,22,No injury,No injury,No injury,No injury,Moderate: Fractures (upper or lower extremity) not open,No injury,4,Admission,100%,Beesh General Hospital,Jazan health directorate
3/4/2025,,M,78,Transferred from another hospital,4/3/25 12:00,4/3/25 13:31,1:31,Blunt,123,15,18,No injury,No injury,No injury,No injury,Minor (All Other Injuries),No injury,1,Admission,98%,King Fahd Central Hospital in Jazan,Jazan health directorate
3/4/2025,,M,30,By Private car/walk-in,,,,Penetrating,130,15,18,No injury,No injury,No injury,No injury,Minor (All Other Injuries),No injury,1,Admission,99%,King Fahd Central Hospital in Jazan,Jazan health directorate
3/4/2025,,M,17,Transferred from another hospital,4/3/25 12:00,4/3/25 13:13,1:13,Penetrating,123,15,18,No injury,No injury,No injury,No injury,Minor (All Other Injuries),No injury,1,Admission,99%,King Fahd Central Hospital in Jazan,Jazan health directorate
3/4/2025,,M,25,By Red crescent,,,,Blunt,145,15,21,Moderate: Simple undisplaced Skull Fracture,Minor (All Other Injuries),Serious: Lung contusion,No injury,No injury,No injury,14,Admission,99%,sabya General Hospital,Jazan health directorate
3/4/2025,,M,16,Transferred from another hospital,4/3/25 15:26,4/3/25 22:50,7:24,Blunt,126,15,19,No injury,No injury,No injury,No injury,Moderate: Fractures (upper or lower extremity) not open,No injury,4,Admission,100%,sabya General Hospital,Jazan health directorate
3/5/2025,,M,20,By Red crescent,,,,Penetrating,103,15,17,No injury,No injury,No injury,No injury,Moderate: Fractures (upper or lower extremity) not open,No injury,4,Admission,99%,Alarda General Hospital,Jazan health directorate
3/5/2025,,M,19,By Red crescent,,,,Blunt,126,15,18,No injury,No injury,No injury,Minor (All Other Injuries),Moderate: Fractures (upper or lower extremity) not open,No injury,5,Admission,100%,Alarda General Hospital,Jazan health directorate
3/5/2025,,M,17,By Red crescent,,,,Blunt,131,15,20,Minor (All Other Injuries),Minor (All Other Injuries),No injury,No injury,Moderate: Fractures (upper or lower extremity) not open,Minor (All Other Injuries),6,Admission,100%,Alarda General Hospital,Jazan health directorate
3/5/2025,,M,18,By Private car/walk-in,,,,Penetrating,128,15,22,No injury,No injury,No injury,No injury,No injury,Minor (All Other Injuries),1,Discharged home,99%,Alreath General Hospital,Jazan health directorate
3/5/2025,,M,37,By Red crescent,,,,Blunt,130,15,20,Minor (All Other Injuries),No injury,No injury,No injury,No injury,No injury,1,Discharged home,100%,Damad General Hospital,Jazan health directorate
3/5/2025,,M,25,By Private car/walk-in,,,,Blunt,121,15,18,No injury,No injury,No injury,No injury,Moderate: Fractures (upper or lower extremity) not open,No injury,4,Admission,100%,King Fahd Central Hospital in Jazan,Jazan health directorate
3/5/2025,,M,28,By Red crescent,,,,Blunt,98,6,20,"Critical: Large Epidural, Subdural, or Intracerebral  Hematoma",No injury,No injury,No injury,No injury,No injury,25,Admission,91%,King Fahd Central Hospital in Jazan,Jazan health directorate
3/6/2025,,M,29,By Private car/walk-in,,,,Penetrating,155,15,18,No injury,No injury,No injury,No injury,Minor (All Other Injuries),Minor (All Other Injuries),2,DAMA,99%,Alarda General Hospital,Jazan health directorate
3/6/2025,,M,23,By Private car/walk-in,,,,Blunt,123,15,18,No injury,Minor (All Other Injuries),No injury,No injury,No injury,No injury,1,Transferred to another hospital,100%,Bani Malek General Hospital,Jazan health directorate
3/6/2025,,F,5,By Private car/walk-in,,,,Blunt,100,15,24,Minor (All Other Injuries),No injury,No injury,No injury,No injury,No injury,1,Admission,100%,Beesh General Hospital,Jazan health directorate
3/6/2025,,F,4,By Private car/walk-in,,,,Blunt,123,15,18,Minor (All Other Injuries),No injury,No injury,No injury,No injury,No injury,1,Discharged home,100%,Damad General Hospital,Jazan health directorate
3/6/2025,,M,19,By Private car/walk-in,,,,Blunt,126,15,19,Minor (All Other Injuries),No injury,No injury,No injury,No injury,No injury,1,Discharged home,100%,Damad General Hospital,Jazan health directorate
3/6/2025,,M,32,Transferred from another hospital,6/3/25 20:59,6/3/25 22:06,1:07,Blunt,123,15,18,Critical: C4 or below causing complete cord transection or contusion,No injury,No injury,No injury,No injury,No injury,25,Admission,98%,King Fahd Central Hospital in Jazan,Jazan health directorate
3/6/2025,,M,41,Transferred from another hospital,6/3/25 7:55,6/3/25 9:11,1:16,Blunt,124,15,18,No injury,No injury,No injury,No injury,Minor (All Other Injuries),No injury,1,Admission,100%,King Fahd Central Hospital in Jazan,Jazan health directorate
3/6/2025,,M,46,By Red crescent,,,,Blunt,124,15,18,No injury,No injury,No injury,No injury,Minor (All Other Injuries),No injury,1,Admission,100%,King Fahd Central Hospital in Jazan,Jazan health directorate
3/6/2025,,M,28,By Red crescent,,,,Penetrating,115,15,18,No injury,No injury,No injury,"Moderate: Small bowel, Colon, or rectal injury less than 50% circumference",Moderate: Fractures (upper or lower extremity) not open,No injury,8,Admission,99%,sabya General Hospital,Jazan health directorate
3/6/2025,,F,8,By Private car/walk-in,,,,Blunt,88,15,26,No injury,No injury,No injury,No injury,No injury,Minor (All Other Injuries),1,Transferred to another hospital,99%,sabya General Hospital,Jazan health directorate
3/6/2025,,F,49,By Red crescent,,,,Blunt,111,8,20,Moderate: Intra-ventricular hemorrhage or subarachnoid hemorrhage,No injury,No injury,No injury,No injury,No injury,4,Transferred to another hospital,98%,Samtah General Hospital,Jazan health directorate
3/7/2025,,M,25,By Red crescent,,,,Penetrating,116,15,19,No injury,No injury,No injury,No injury,Moderate: Fractures (upper or lower extremity) not open,Minor (All Other Injuries),5,Admission,99%,Alarda General Hospital,Jazan health directorate
3/7/2025,,F,4,By Private car/walk-in,,,,Blunt,100,15,25,No injury,No injury,No injury,No injury,Moderate: Fractures (upper or lower extremity) not open,No injury,4,Admission,100%,Beesh General Hospital,Jazan health directorate
3/7/2025,,F,38,By Red crescent,,,,Blunt,95,15,19,Minor (All Other Injuries),No injury,No injury,No injury,Serious: Pelvic Ring Fracture (Open Book),No injury,10,Admission,99%,Beesh General Hospital,Jazan health directorate
3/7/2025,,M,4,Transferred from another hospital,7/3/25 4:55,7/3/25 6:05,1:10,Penetrating,112,15,18,No injury,No injury,No injury,No injury,Moderate: Amputation at wrist or ankle,No injury,4,Admission,99%,King Fahd Central Hospital in Jazan,Jazan health directorate
3/7/2025,,F,1,By Private car/walk-in,,,,Blunt,89,15,24,"Moderate: Tiny Epidural, Subdural, or Intracerebral  Hematoma",No injury,No injury,No injury,No injury,No injury,4,Admission,99%,King Fahd Central Hospital in Jazan,Jazan health directorate
3/7/2025,,M,20,By Red crescent,,,,Blunt,141,15,19,No injury,No injury,No injury,No injury,Moderate: Fractures (upper or lower extremity) not open,No injury,4,Admission,100%,sabya General Hospital,Jazan health directorate
3/8/2025,,M,28,By Private car/walk-in,,,,Blunt,143,15,18,No injury,No injury,No injury,No injury,Moderate: Fractures (upper or lower extremity) not open,Minor (All Other Injuries),5,Transferred to another hospital,100%,Alhorath General Hospital,Jazan health directorate
3/8/2025,,M,64,By Red crescent,,,,Blunt,126,15,20,No injury,No injury,No injury,No injury,Moderate: Fractures (upper or lower extremity) not open,No injury,4,Transferred to another hospital,98%,Alhorath General Hospital,Jazan health directorate
3/8/2025,,M,4,By Private car/walk-in,,,,Blunt,110,15,20,Minor (All Other Injuries),No injury,No injury,No injury,No injury,No injury,1,Discharged home,100%,Alreath General Hospital,Jazan health directorate
3/8/2025,,M,1,By Private car/walk-in,,,,Blunt,90,15,33,Minor (All Other Injuries),No injury,No injury,No injury,No injury,No injury,1,Discharged home,100%,Alreath General Hospital,Jazan health directorate
3/8/2025,,M,13,By Private car/walk-in,,,,Penetrating,110,15,24,No injury,No injury,No injury,No injury,No injury,Minor (All Other Injuries),1,Discharged home,99%,Alreath General Hospital,Jazan health directorate
3/8/2025,,M,23,By Private car/walk-in,,,,Blunt,120,15,24,Minor (All Other Injuries),No injury,No injury,No injury,No injury,No injury,1,Discharged home,100%,Alreath General Hospital,Jazan health directorate
3/8/2025,,M,35,By Private car/walk-in,,,,Blunt,130,15,20,No injury,No injury,No injury,No injury,No injury,Minor (All Other Injuries),1,Discharged home,100%,Alreath General Hospital,Jazan health directorate
3/8/2025,,M,12,By Private car/walk-in,,,,Blunt,110,15,24,No injury,No injury,No injury,No injury,No injury,Minor (All Other Injuries),1,Discharged home,100%,Alreath General Hospital,Jazan health directorate
3/8/2025,,F,39,By Private car/walk-in,,,,Blunt,125,15,20,No injury,No injury,No injury,No injury,Moderate: Fractures (upper or lower extremity) not open,No injury,4,Admission,100%,Beesh General Hospital,Jazan health directorate
3/8/2025,,F,55,By Private car/walk-in,,,,Blunt,122,15,19,Minor (All Other Injuries),No injury,No injury,No injury,No injury,No injury,1,Discharged home,98%,Damad General Hospital,Jazan health directorate
3/8/2025,,F,74,By Private car/walk-in,,,,Blunt,112,15,18,No injury,No injury,No injury,No injury,Moderate: Fractures (upper or lower extremity) not open,No injury,4,Admission,98%,King Fahd Central Hospital in Jazan,Jazan health directorate
3/8/2025,,F,79,Transferred from another hospital,8/3/25 9:03,8/3/25 10:49,1:46,Blunt,123,15,18,No injury,No injury,No injury,No injury,Moderate: Fractures (upper or lower extremity) not open,No injury,4,Admission,98%,King Fahd Central Hospital in Jazan,Jazan health directorate
3/8/2025,,M,28,By Red crescent,,,,Penetrating,126,15,21,No injury,Minor (All Other Injuries),No injury,No injury,Moderate: Fractures (upper or lower extremity) not open,No injury,5,Admission,99%,sabya General Hospital,Jazan health directorate
3/8/2025,,M,7,By Private car/walk-in,,,,Blunt,111,15,20,No injury,Moderate: LeFort I Fracture or LeFort II Fracture,No injury,No injury,No injury,No injury,4,Transferred to another hospital,100%,sabya General Hospital,Jazan health directorate
3/8/2025,,M,38,By Private car/walk-in,,,,Blunt,149,15,18,No injury,No injury,No injury,No injury,No injury,Moderate: 2nd or 3rd degree burns involving 10% to 19% Total Body Surface,4,DAMA,100%,sabya General Hospital,Jazan health directorate
3/9/2025,,M,21,By Red crescent,,,,Blunt,121,15,20,No injury,No injury,No injury,No injury,Moderate: Fractures (upper or lower extremity) not open,No injury,4,Admission,100%,Alarda General Hospital,Jazan health directorate
3/9/2025,,M,2,By Private car/walk-in,,,,Blunt,100,15,23,No injury,No injury,No injury,No injury,Moderate: Fractures (upper or lower extremity) not open,No injury,4,Transferred to another hospital,100%,Beesh General Hospital,Jazan health directorate
3/9/2025,,M,24,By Red crescent,,,,Penetrating,100,15,19,"Moderate: Tiny Epidural, Subdural, or Intracerebral  Hematoma",No injury,No injury,No injury,No injury,No injury,4,Transferred to another hospital,99%,Beesh General Hospital,Jazan health directorate
3/9/2025,,M,16,By Private car/walk-in,,,,Penetrating,110,15,20,No injury,No injury,No injury,No injury,No injury,Minor (All Other Injuries),1,Discharged home,99%,Damad General Hospital,Jazan health directorate
3/9/2025,,F,6,By Private car/walk-in,,,,Penetrating,126,15,20,Minor (All Other Injuries),No injury,No injury,No injury,No injury,No injury,1,Discharged home,99%,Damad General Hospital,Jazan health directorate
3/9/2025,,M,25,By Private car/walk-in,,,,Blunt,134,15,18,No injury,No injury,No injury,No injury,Moderate: Fractures (upper or lower extremity) not open,No injury,4,Admission,100%,King Fahd Central Hospital in Jazan,Jazan health directorate
3/9/2025,,M,4,Transferred from another hospital,9/3/25 0:00,9/3/25 1:49,1:49,Penetrating,107,15,24,No injury,No injury,No injury,No injury,Moderate: Amputation at wrist or ankle,No injury,4,Admission,99%,King Fahd Central Hospital in Jazan,Jazan health directorate
3/9/2025,,M,54,By Private car/walk-in,,,,Penetrating,124,15,18,No injury,Moderate: Penetrating face injury tissue loss,No injury,No injury,No injury,No injury,4,Admission,99%,King Fahd Central Hospital in Jazan,Jazan health directorate
3/9/2025,,M,4,By Private car/walk-in,,,,Blunt,60,15,50,No injury,No injury,No injury,No injury,No injury,Critical: 2nd or 3rd degree burns involving 40% to 90% Total Body Surface,25,Transferred to another hospital,92%,sabya General Hospital,Jazan health directorate
3/10/2025,,M,95,By Private car/walk-in,,,,Blunt,135,14,16,Minor (All Other Injuries),No injury,No injury,No injury,No injury,No injury,1,Discharged home,98%,Alhorath General Hospital,Jazan health directorate
3/10/2025,,M,27,By Private car/walk-in,,,,Blunt,119,15,22,No injury,No injury,No injury,No injury,Moderate: Fractures (upper or lower extremity) not open,No injury,4,Admission,100%,Beesh General Hospital,Jazan health directorate
3/10/2025,,M,20,Transferred from another hospital,10/3/25 0:00,10/3/25 0:39,0:39,Penetrating,112,15,18,No injury,No injury,No injury,No injury,Serious: Open Fractures (upper or lower extremity),No injury,9,Admission,99%,King Fahd Central Hospital in Jazan,Jazan health directorate
3/10/2025,,M,2,Transferred from another hospital,10/3/25 10:00,10/3/25 11:50,1:50,Blunt,88,15,24,Moderate: Simple undisplaced Skull Fracture,No injury,No injury,No injury,No injury,No injury,4,Admission,99%,King Fahd Central Hospital in Jazan,Jazan health directorate
3/10/2025,,M,27,Transferred from another hospital,10/3/25 20:00,10/3/25 21:10,1:10,Penetrating,128,15,18,No injury,No injury,No injury,No injury,Moderate: Vascualr injury (upper or lower extremity) without major blood loss,No injury,4,Admission,99%,King Fahd Central Hospital in Jazan,Jazan health directorate
3/10/2025,,M,27,By Red crescent,,,,Blunt,120,15,21,Minor (All Other Injuries),No injury,No injury,No injury,No injury,No injury,1,Admission,100%,sabya General Hospital,Jazan health directorate
3/10/2025,,M,37,By Red crescent,,,,Blunt,108,13,22,Severe: Large Brain Contusion ,Minor (All Other Injuries),Serious: Lung contusion,No injury,No injury,No injury,26,Admission,98%,sabya General Hospital,Jazan health directorate
3/10/2025,,M,1,By Private car/walk-in,,,,Blunt,100,15,24,No injury,No injury,No injury,No injury,No injury,Minor (All Other Injuries),1,Transferred to another hospital,100%,sabya General Hospital,Jazan health directorate
3/11/2025,,M,44,By Red crescent,,,,Blunt,135,15,18,No injury,No injury,No injury,Minor (All Other Injuries),No injury,No injury,1,Admission,100%,Alarda General Hospital,Jazan health directorate
3/11/2025,,M,21,By Red crescent,,,,Blunt,126,15,19,Minor (All Other Injuries),No injury,No injury,No injury,Minor (All Other Injuries),No injury,2,Admission,100%,Alarda General Hospital,Jazan health directorate
3/11/2025,,F,1,By Private car/walk-in,,,,Blunt,90,15,25,Minor (All Other Injuries),No injury,No injury,No injury,No injury,No injury,1,Transferred to another hospital,100%,Alhorath General Hospital,Jazan health directorate
3/11/2025,,M,27,By Private car/walk-in,,,,Penetrating,122,15,18,No injury,No injury,No injury,No injury,Minor (All Other Injuries),Minor (All Other Injuries),2,Transferred to another hospital,99%,Alhorath General Hospital,Jazan health directorate
3/11/2025,,M,23,By Private car/walk-in,,,,Penetrating,135,15,20,No injury,No injury,No injury,No injury,Serious: Open Fractures (upper or lower extremity),Minor (All Other Injuries),10,Transferred to another hospital,99%,Alhorath General Hospital,Jazan health directorate
3/11/2025,,M,31,By Private car/walk-in,,,,Penetrating,155,15,22,No injury,No injury,No injury,No injury,Serious: Amputation below the elbow and above the wrist,Minor (All Other Injuries),10,Transferred to another hospital,99%,Alhorath General Hospital,Jazan health directorate
3/11/2025,,M,43,By Private car/walk-in,,,,Penetrating,142,15,18,No injury,No injury,Minor (All Other Injuries),No injury,Minor (All Other Injuries),Minor (All Other Injuries),3,Transferred to another hospital,99%,Alhorath General Hospital,Jazan health directorate
3/11/2025,,M,37,By Private car/walk-in,,,,Penetrating,134,15,17,No injury,No injury,No injury,No injury,Minor (All Other Injuries),Minor (All Other Injuries),2,Transferred to another hospital,99%,Alhorath General Hospital,Jazan health directorate
3/11/2025,,M,37,By Private car/walk-in,,,,Penetrating,1,3,0,No injury,No injury,Serious: Hemothorax,No injury,No injury,No injury,9,Death in ED,95%,Alhorath General Hospital,Jazan health directorate
3/11/2025,,M,21,By Private car/walk-in,,,,Penetrating,118,15,22,No injury,No injury,No injury,No injury,Serious: Open Fractures (upper or lower extremity),Minor (All Other Injuries),10,Transferred to another hospital,99%,Alhorath General Hospital,Jazan health directorate
3/11/2025,,M,57,By Private car/walk-in,,,,Blunt,130,15,20,Minor (All Other Injuries),No injury,No injury,No injury,No injury,No injury,1,Discharged home,98%,Alreath General Hospital,Jazan health directorate
3/11/2025,,M,6,By Private car/walk-in,,,,Penetrating,111,15,35,Minor (All Other Injuries),No injury,No injury,No injury,No injury,No injury,1,Discharged home,99%,Alreath General Hospital,Jazan health directorate
3/11/2025,,M,1,By Private car/walk-in,,,,Penetrating,100,15,35,No injury,No injury,No injury,No injury,No injury,Minor (All Other Injuries),1,Discharged home,99%,Alreath General Hospital,Jazan health directorate
3/11/2025,,M,3,By Private car/walk-in,,,,Blunt,90,15,25,No injury,No injury,No injury,No injury,Moderate: Fractures (upper or lower extremity) not open,No injury,4,Admission,100%,Beesh General Hospital,Jazan health directorate
3/11/2025,,F,18,By Private car/walk-in,,,,Blunt,100,15,18,No injury,No injury,No injury,No injury,Moderate: Fractures (upper or lower extremity) not open,No injury,4,Admission,100%,Beesh General Hospital,Jazan health directorate
3/11/2025,,M,31,By Private car/walk-in,,,,Blunt,110,15,18,No injury,No injury,No injury,Minor (All Other Injuries),Minor (All Other Injuries),No injury,2,Transferred to another hospital,100%,Damad General Hospital,Jazan health directorate
3/11/2025,,M,16,By Private car/walk-in,,,,Blunt,112,15,17,No injury,No injury,No injury,No injury,Minor (All Other Injuries),Minor (All Other Injuries),2,Discharged home,100%,Damad General Hospital,Jazan health directorate
3/11/2025,,M,19,By Private car/walk-in,,,,Blunt,126,15,18,No injury,No injury,No injury,No injury,No injury,Minor (All Other Injuries),1,Discharged home,100%,Damad General Hospital,Jazan health directorate
3/11/2025,,M,20,By Red crescent,,,,Blunt,118,15,18,No injury,No injury,No injury,No injury,No injury,Minor (All Other Injuries),1,Discharged home,100%,Damad General Hospital,Jazan health directorate
3/11/2025,,M,21,By Red crescent,,,,Blunt,103,15,17,No injury,No injury,No injury,No injury,No injury,Minor (All Other Injuries),1,Admission,100%,Damad General Hospital,Jazan health directorate
3/11/2025,,M,18,By Red crescent,,,,Blunt,109,15,18,No injury,Minor (All Other Injuries),No injury,No injury,No injury,Minor (All Other Injuries),2,Transferred to another hospital,100%,Damad General Hospital,Jazan health directorate
3/11/2025,,M,16,By Red crescent,,,,Blunt,141,15,18,No injury,No injury,No injury,No injury,Minor (All Other Injuries),Minor (All Other Injuries),2,Discharged home,100%,Damad General Hospital,Jazan health directorate
3/11/2025,,M,14,By Red crescent,,,,Blunt,116,15,20,Minor (All Other Injuries),No injury,No injury,No injury,No injury,No injury,1,Discharged home,100%,Damad General Hospital,Jazan health directorate
3/11/2025,,M,9,By Private car/walk-in,,,,Blunt,107,15,18,No injury,No injury,No injury,No injury,Moderate: Fractures (upper or lower extremity) not open,No injury,4,Admission,100%,King Fahd Central Hospital in Jazan,Jazan health directorate
3/11/2025,,M,19,By Private car/walk-in,,,,Penetrating,124,15,18,No injury,No injury,No injury,No injury,Serious: Open Fractures (upper or lower extremity),No injury,9,Admission,99%,King Fahd Central Hospital in Jazan,Jazan health directorate
3/11/2025,,M,30,By Red crescent,,,,Penetrating,145,6,18,"Critical: Large Epidural, Subdural, or Intracerebral  Hematoma",No injury,Serious: Hemothorax,Minor (All Other Injuries),No injury,No injury,35,Admission,75%,King Fahd Central Hospital in Jazan,Jazan health directorate
3/11/2025,,M,42,By Private car/walk-in,,,,Blunt,111,15,18,No injury,No injury,No injury,No injury,Moderate: Fractures (upper or lower extremity) not open,No injury,4,Admission,100%,King Fahd Central Hospital in Jazan,Jazan health directorate
3/11/2025,,F,4,By Private car/walk-in,,,,Blunt,100,15,24,Severe: Open or depressed skull fracture,No injury,No injury,No injury,No injury,No injury,16,Admission,99%,sabya General Hospital,Jazan health directorate
3/11/2025,,F,6,By Private car/walk-in,,,,Blunt,103,15,23,No injury,No injury,No injury,No injury,No injury,Severe: 2nd or 3rd degree burns involving 30% to 39% Total Body Surface,16,Transferred to another hospital,99%,sabya General Hospital,Jazan health directorate
3/11/2025,,M,33,By Red crescent,,,,Penetrating,130,15,18,No injury,No injury,No injury,No injury,Moderate: Fractures (upper or lower extremity) not open,No injury,4,Admission,99%,sabya General Hospital,Jazan health directorate
3/12/2025,,M,25,By Private car/walk-in,,,,Penetrating,110,15,22,No injury,No injury,No injury,No injury,Serious: Open Fractures (upper or lower extremity),No injury,9,Transferred to another hospital,99%,Alhorath General Hospital,Jazan health directorate
3/12/2025,,M,12,By Private car/walk-in,,,,Blunt,110,15,20,No injury,No injury,No injury,No injury,No injury,Minor (All Other Injuries),1,Discharged home,100%,Alreath General Hospital,Jazan health directorate
3/12/2025,,M,20,By Private car/walk-in,,,,Blunt,120,15,18,No injury,No injury,No injury,Minor (All Other Injuries),No injury,No injury,1,Discharged home,100%,Alreath General Hospital,Jazan health directorate
3/12/2025,,M,71,By Private car/walk-in,,,,Blunt,146,15,15,No injury,No injury,No injury,No injury,No injury,Minor (All Other Injuries),1,Discharged home,98%,Alreath General Hospital,Jazan health directorate
3/12/2025,,M,57,By Red crescent,,,,Blunt,114,15,19,No injury,No injury,No injury,No injury,Moderate: Fractures (upper or lower extremity) not open,No injury,4,Admission,98%,Beesh General Hospital,Jazan health directorate
3/12/2025,,M,14,By Red crescent,,,,Blunt,98,15,18,No injury,Minor (All Other Injuries),No injury,Minor (All Other Injuries),No injury,No injury,2,Discharged home,100%,Damad General Hospital,Jazan health directorate
3/12/2025,,M,47,Transferred from another hospital,12/3/25 16:00,12/3/25 17:56,1:56,Penetrating,114,15,18,No injury,No injury,No injury,No injury,Moderate: Vascualr injury (upper or lower extremity) without major blood loss,No injury,4,Admission,99%,King Fahd Central Hospital in Jazan,Jazan health directorate
3/12/2025,,M,3,Transferred from another hospital,12/3/25 0:00,12/3/25 1:00,1:00,Penetrating,99,15,24,No injury,No injury,No injury,No injury,Moderate: Amputation at wrist or ankle,No injury,4,Admission,99%,King Fahd Central Hospital in Jazan,Jazan health directorate
3/12/2025,,M,1,Transferred from another hospital,12/3/25 5:00,12/3/25 6:02,1:02,Penetrating,59,7,26,No injury,No injury,Moderate: Simple Pneumothorax,No injury,No injury,Moderate: 2nd or 3rd degree burns involving 10% to 19% Total Body Surface,8,Admission,80%,King Fahd Central Hospital in Jazan,Jazan health directorate
3/13/2025,,M,35,By Red crescent,,,,Penetrating,114,15,20,No injury,No injury,No injury,No injury,Minor (All Other Injuries),No injury,1,Admission,99%,Alarda General Hospital,Jazan health directorate
3/13/2025,,M,30,By Red crescent,,,,Penetrating,135,15,16,No injury,No injury,Minor (All Other Injuries),Minor (All Other Injuries),Minor (All Other Injuries),No injury,3,Transferred to another hospital,99%,Alhorath General Hospital,Jazan health directorate
3/13/2025,,M,29,By Private car/walk-in,,,,Penetrating,163,15,18,No injury,No injury,No injury,No injury,Moderate: Compartment syndrome (upper or lower extremity) without muscle loss,No injury,4,Transferred to another hospital,99%,Alhorath General Hospital,Jazan health directorate
3/13/2025,,M,33,By Private car/walk-in,,,,Blunt,101,15,18,No injury,Moderate: LeFort I Fracture or LeFort II Fracture,No injury,No injury,No injury,No injury,4,Admission,100%,King Fahd Central Hospital in Jazan,Jazan health directorate
3/13/2025,,M,8,Transferred from another hospital,3/13/2025 21:00,3/13/2025 22:26,1:26,Penetrating,102,15,18,No injury,No injury,No injury,No injury,No injury,Moderate: 2nd or 3rd degree burns involving 10% to 19% Total Body Surface,4,Admission,99%,King Fahd Central Hospital in Jazan,Jazan health directorate
3/13/2025,,M,36,By Private car/walk-in,,,,Penetrating,123,15,18,No injury,No injury,No injury,No injury,No injury,Moderate: 2nd or 3rd degree burns involving 10% to 19% Total Body Surface,4,Admission,99%,King Fahd Central Hospital in Jazan,Jazan health directorate
3/14/2025,,M,44,By Private car/walk-in,,,,Blunt,120,15,15,No injury,No injury,No injury,No injury,Minor (All Other Injuries),No injury,1,Discharged home,100%,Alreath General Hospital,Jazan health directorate
3/14/2025,,M,45,By Private car/walk-in,,,,Blunt,124,15,18,No injury,No injury,No injury,No injury,Minor (All Other Injuries),No injury,1,Admission,100%,King Fahd Central Hospital in Jazan,Jazan health directorate
3/14/2025,,M,9,By Private car/walk-in,,,,Blunt,111,15,18,Moderate: Simple undisplaced Skull Fracture,No injury,No injury,No injury,No injury,No injury,4,Admission,100%,King Fahd Central Hospital in Jazan,Jazan health directorate
3/15/2025,,M,31,By Private car/walk-in,,,,Blunt,141,15,17,Minor (All Other Injuries),No injury,No injury,No injury,No injury,No injury,1,Discharged home,100%,Bani Malek General Hospital,Jazan health directorate
3/15/2025,,M,38,By Private car/walk-in,,,,Blunt,123,15,18,No injury,No injury,No injury,No injury,Minor (All Other Injuries),No injury,1,Discharged home,100%,Bani Malek General Hospital,Jazan health directorate
3/15/2025,,M,33,By Red crescent,,,,Blunt,109,15,15,No injury,No injury,No injury,No injury,Moderate: Fractures (upper or lower extremity) not open,No injury,4,Admission,100%,Jazan General Hospital,Jazan health directorate
3/15/2025,,M,46,Transferred from another hospital,3/15/2025 01:00,3/15/2025 02:20,1:20,Penetrating,124,15,18,No injury,No injury,No injury,No injury,No injury,Moderate: 2nd or 3rd degree burns involving 10% to 19% Total Body Surface,4,Admission,99%,King Fahd Central Hospital in Jazan,Jazan health directorate
3/16/2025,,M,11,By Red crescent,,,,Blunt,98,14,19,Minor (All Other Injuries),No injury,No injury,No injury,No injury,Minor (All Other Injuries),2,Admission,100%,Aldarb General Hospital,Jazan health directorate
3/16/2025,,M,34,By Private car/walk-in,,,,Penetrating,128,15,19,No injury,No injury,No injury,No injury,Minor (All Other Injuries),Minor (All Other Injuries),2,Discharged home,99%,Alhorath General Hospital,Jazan health directorate
3/16/2025,,M,23,By Red crescent,,,,Penetrating,100,15,19,Minor (All Other Injuries),Minor (All Other Injuries),Minor (All Other Injuries),No injury,No injury,No injury,3,Admission,99%,Beesh General Hospital,Jazan health directorate
3/16/2025,,M,58,Transferred from another hospital,3/16/2025 07:00,3/16/2025 08:58,1:58,Blunt,112,6,18,"Severe: Small to Moderate Epidural, Subdural, or Intracerebral  Hematoma",No injury,No injury,No injury,No injury,No injury,16,Admission,79%,King Fahd Central Hospital in Jazan,Jazan health directorate
3/16/2025,,F,4,Transferred from another hospital,3/16/2025 22:00,3/16/2025 22:31,0:31,Blunt,98,15,18,Moderate: Simple undisplaced Skull Fracture,No injury,No injury,No injury,No injury,No injury,4,Admission,100%,King Fahd Central Hospital in Jazan,Jazan health directorate
3/16/2025,,M,35,By Red crescent,,,,Penetrating,118,15,18,No injury,No injury,Serious: Hemothorax,No injury,No injury,No injury,9,Admission,99%,King Fahd Central Hospital in Jazan,Jazan health directorate
3/17/2025,,M,28,By Red crescent,,,,Penetrating,91,15,23,No injury,No injury,Minor (All Other Injuries),No injury,No injury,No injury,1,Transferred to another hospital,99%,Alhorath General Hospital,Jazan health directorate
3/17/2025,,M,43,By Private car/walk-in,,,,Penetrating,154,15,18,No injury,Minor (All Other Injuries),No injury,No injury,No injury,No injury,1,Discharged home,99%,Alhorath General Hospital,Jazan health directorate
3/17/2025,,M,22,By Private car/walk-in,,,,Blunt,134,15,18,No injury,Minor (All Other Injuries),No injury,No injury,No injury,No injury,1,Transferred to another hospital,100%,Bani Malek General Hospital,Jazan health directorate
3/17/2025,,F,44,By Private car/walk-in,,,,Blunt,142,15,19,No injury,No injury,No injury,No injury,No injury,Minor (All Other Injuries),1,Discharged home,100%,Bani Malek General Hospital,Jazan health directorate
3/17/2025,,M,37,Transferred from another hospital,3/17/2025 00:00,3/17/2025 01:36,1:36,Penetrating,126,15,18,No injury,No injury,No injury,No injury,Moderate: Vascualr injury (upper or lower extremity) without major blood loss,No injury,4,Admission,99%,King Fahd Central Hospital in Jazan,Jazan health directorate
3/17/2025,,M,30,Transferred from another hospital,3/17/2025 08:00,3/17/2025 09:27,1:27,Penetrating,123,15,18,No injury,No injury,No injury,No injury,Minor (All Other Injuries),No injury,1,Admission,99%,King Fahd Central Hospital in Jazan,Jazan health directorate
3/17/2025,,M,33,Transferred from another hospital,3/17/2025 22:00,3/17/2025 23:19,1:19,Penetrating,114,15,18,No injury,No injury,No injury,No injury,Serious: Open Fractures (upper or lower extremity),No injury,9,Admission,99%,King Fahd Central Hospital in Jazan,Jazan health directorate
3/17/2025,,M,24,Transferred from another hospital,3/17/2025 00:00,3/17/2025 00:32,0:32,Penetrating,89,15,18,No injury,No injury,Serious: Hemothorax,No injury,Minor (All Other Injuries),No injury,10,Admission,98%,King Fahd Central Hospital in Jazan,Jazan health directorate
3/17/2025,,M,17,By Red crescent,,,,Blunt,113,15,18,No injury,No injury,No injury,No injury,Moderate: Fractures (upper or lower extremity) not open,No injury,4,Admission,100%,sabya General Hospital,Jazan health directorate
3/17/2025,,M,24,By Private car/walk-in,,,,Blunt,109,15,19,No injury,No injury,No injury,Minor (All Other Injuries),No injury,No injury,1,DAMA,100%,sabya General Hospital,Jazan health directorate
3/18/2025,,M,17,By Red crescent,,,,Blunt,120,15,18,Minor (All Other Injuries),No injury,No injury,No injury,Minor (All Other Injuries),No injury,2,Discharged home,100%,Alarda General Hospital,Jazan health directorate
3/18/2025,,F,23,By Red crescent,,,,Blunt,118,15,19,Minor (All Other Injuries),Minor (All Other Injuries),No injury,No injury,Minor (All Other Injuries),No injury,3,Admission,100%,Alarda General Hospital,Jazan health directorate
3/18/2025,,M,9,By Red crescent,,,,Blunt,95,13,22,"Moderate: Tiny Epidural, Subdural, or Intracerebral  Hematoma",Minor (All Other Injuries),No injury,Minor (All Other Injuries),Minor (All Other Injuries),No injury,6,Transferred to another hospital,100%,Alarda General Hospital,Jazan health directorate
3/18/2025,,M,17,By Red crescent,,,,Blunt,113,15,18,No injury,Minor (All Other Injuries),No injury,No injury,No injury,Minor (All Other Injuries),2,Admission,100%,Aldarb General Hospital,Jazan health directorate
3/18/2025,,M,34,By Red crescent,,,,Blunt,129,15,20,No injury,No injury,No injury,No injury,Minor (All Other Injuries),No injury,1,Transferred to another hospital,100%,Alhorath General Hospital,Jazan health directorate
3/18/2025,,M,42,By Red crescent,,,,Penetrating,137,15,20,No injury,No injury,Minor (All Other Injuries),No injury,No injury,No injury,1,Transferred to another hospital,99%,Alhorath General Hospital,Jazan health directorate
3/18/2025,,M,24,By Red crescent,,,,Penetrating,122,15,20,No injury,No injury,Minor (All Other Injuries),No injury,No injury,No injury,1,Discharged home,99%,Alhorath General Hospital,Jazan health directorate
3/18/2025,,M,37,By Red crescent,,,,Penetrating,124,15,18,No injury,No injury,Minor (All Other Injuries),No injury,Serious: Open Fractures (upper or lower extremity),Minor (All Other Injuries),11,Transferred to another hospital,99%,Alhorath General Hospital,Jazan health directorate
3/18/2025,,M,33,By Red crescent,,,,Penetrating,106,15,20,No injury,No injury,No injury,No injury,Minor (All Other Injuries),No injury,1,Discharged home,99%,Alhorath General Hospital,Jazan health directorate
3/18/2025,,M,30,By Red crescent,,,,Blunt,127,15,20,No injury,No injury,No injury,No injury,Minor (All Other Injuries),No injury,1,Discharged home,100%,Alhorath General Hospital,Jazan health directorate
3/18/2025,,M,41,By Red crescent,,,,Blunt,128,15,20,No injury,No injury,Minor (All Other Injuries),No injury,No injury,No injury,1,Discharged home,100%,Alhorath General Hospital,Jazan health directorate
3/18/2025,,M,39,By Red crescent,,,,Penetrating,125,15,19,Minor (All Other Injuries),No injury,Minor (All Other Injuries),No injury,No injury,Minor (All Other Injuries),3,Discharged home,99%,Alhorath General Hospital,Jazan health directorate
3/18/2025,,M,12,By Private car/walk-in,,,,Blunt,92,15,18,Minor (All Other Injuries),No injury,No injury,No injury,No injury,No injury,1,Admission,100%,King Fahd Central Hospital in Jazan,Jazan health directorate
3/18/2025,,M,37,Transferred from another hospital,3/18/2025 07:00,3/18/2025 08:44,1:44,Blunt,123,7,18,"Critical: Large Epidural, Subdural, or Intracerebral  Hematoma",No injury,No injury,No injury,No injury,No injury,25,Admission,91%,King Fahd Central Hospital in Jazan,Jazan health directorate
3/18/2025,,M,11,Transferred from another hospital,3/18/2025 16:00,3/18/2025 17:30,1:30,Blunt,99,15,18,Moderate: Simple undisplaced Skull Fracture,No injury,No injury,No injury,No injury,No injury,4,Transferred to another hospital,100%,King Fahd Central Hospital in Jazan,Jazan health directorate
3/18/2025,,F,58,Transferred from another hospital,3/18/2025 18:00,3/18/2025 19:06,1:06,Blunt,134,15,18,No injury,No injury,No injury,No injury,Minor (All Other Injuries),No injury,1,Admission,98%,King Fahd Central Hospital in Jazan,Jazan health directorate
3/18/2025,,M,16,By Red crescent,,,,Penetrating,111,15,18,No injury,Moderate: LeFort I Fracture or LeFort II Fracture,Moderate: Multiple rib fractures,Moderate: Liver laceration less than 3 cm deep ,No injury,No injury,12,Admission,99%,King Fahd Central Hospital in Jazan,Jazan health directorate
3/18/2025,,M,28,By Red crescent,,,,Penetrating,71,15,22,No injury,No injury,No injury,Minor (All Other Injuries),Serious: Pelvic Ring Fracture (Open Book),No injury,10,Admission,96%,sabya General Hospital,Jazan health directorate
3/18/2025,,M,39,By Private car/walk-in,,,,Blunt,114,15,18,No injury,No injury,No injury,No injury,No injury,Moderate: 2nd or 3rd degree burns involving 10% to 19% Total Body Surface,4,Transferred to another hospital,100%,sabya General Hospital,Jazan health directorate
3/18/2025,,M,6,By Private car/walk-in,,,,Blunt,108,15,23,No injury,No injury,No injury,No injury,Moderate: Fractures (upper or lower extremity) not open,No injury,4,Admission,100%,sabya General Hospital,Jazan health directorate
3/19/2025,,M,30,By Red crescent,,,,Penetrating,125,10,26,"Moderate: Tiny Epidural, Subdural, or Intracerebral  Hematoma",Minor (All Other Injuries),Moderate: Simple Pneumothorax,No injury,Minor (All Other Injuries),Minor (All Other Injuries),9,Death in ED,98%,Alarda General Hospital,Jazan health directorate
3/19/2025,,M,31,By Red crescent,,,,Penetrating,159,9,24,Serious: Superficial penerating injury to skull (less than 2 cm deep),Moderate: Penetrating face injury tissue loss,No injury,No injury,No injury,No injury,13,Transferred to another hospital,97%,Alarda General Hospital,Jazan health directorate
3/19/2025,,M,22,By Private car/walk-in,,,,Penetrating,150,14,20,No injury,No injury,Minor (All Other Injuries),Moderate: Kidney laceration (less than 1 cm not reaching the collecting system) or small contusion,No injury,No injury,5,Transferred to another hospital,99%,Alhorath General Hospital,Jazan health directorate
3/19/2025,,M,32,By Private car/walk-in,,,,Penetrating,110,15,20,No injury,No injury,No injury,No injury,Moderate: Compartment syndrome (upper or lower extremity) without muscle loss,No injury,4,Transferred to another hospital,99%,Alhorath General Hospital,Jazan health directorate
3/19/2025,,M,34,By Private car/walk-in,,,,Blunt,120,15,18,No injury,No injury,No injury,No injury,Minor (All Other Injuries),No injury,1,Transferred to another hospital,100%,Alhorath General Hospital,Jazan health directorate
3/19/2025,,M,41,By Private car/walk-in,,,,Blunt,120,15,20,No injury,No injury,No injury,No injury,Minor (All Other Injuries),No injury,1,Transferred to another hospital,100%,Alhorath General Hospital,Jazan health directorate
3/19/2025,,M,26,By Private car/walk-in,,,,Penetrating,120,15,20,No injury,No injury,No injury,No injury,Minor (All Other Injuries),No injury,1,Transferred to another hospital,99%,Alhorath General Hospital,Jazan health directorate
3/19/2025,,M,30,By Private car/walk-in,,,,Blunt,120,15,18,No injury,No injury,No injury,No injury,Minor (All Other Injuries),No injury,1,Transferred to another hospital,100%,Alhorath General Hospital,Jazan health directorate
3/19/2025,,M,5,By Private car/walk-in,,,,Blunt,98,15,18,No injury,No injury,No injury,No injury,Moderate: Fractures (upper or lower extremity) not open,No injury,4,Admission,100%,King Fahd Central Hospital in Jazan,Jazan health directorate
3/19/2025,,F,61,By Red crescent,,,,Blunt,74,3,18,"Critical: Large Epidural, Subdural, or Intracerebral  Hematoma",No injury,No injury,No injury,Moderate: Fractures (upper or lower extremity) not open,No injury,29,Admission,8%,King Fahd Central Hospital in Jazan,Jazan health directorate
3/19/2025,,F,22,Transferred from another hospital,3/19/2025 07:00,3/19/2025 08:16,1:16,Penetrating,119,15,18,No injury,No injury,No injury,No injury,No injury,Moderate: 2nd or 3rd degree burns involving 10% to 19% Total Body Surface,4,Admission,99%,King Fahd Central Hospital in Jazan,Jazan health directorate
3/19/2025,,F,63,Transferred from another hospital,3/19/2025 13:00,3/19/2025 13:52,0:52,Penetrating,123,15,18,No injury,No injury,No injury,No injury,No injury,Moderate: 2nd or 3rd degree burns involving 10% to 19% Total Body Surface,4,Admission,98%,King Fahd Central Hospital in Jazan,Jazan health directorate
3/19/2025,,F,49,By Private car/walk-in,,,,Penetrating,132,15,18,No injury,No injury,No injury,No injury,No injury,Moderate: 2nd or 3rd degree burns involving 10% to 19% Total Body Surface,4,Admission,99%,King Fahd Central Hospital in Jazan,Jazan health directorate
3/20/2025,,M,26,By Private car/walk-in,,,,Penetrating,130,15,20,No injury,No injury,No injury,No injury,Moderate: Fractures (upper or lower extremity) not open,Minor (All Other Injuries),5,Transferred to another hospital,99%,Alhorath General Hospital,Jazan health directorate
3/20/2025,,M,32,By Private car/walk-in,,,,Penetrating,130,15,20,No injury,No injury,No injury,No injury,Moderate: Compartment syndrome (upper or lower extremity) without muscle loss,Moderate: 2nd or 3rd degree burns involving 10% to 19% Total Body Surface,8,Transferred to another hospital,99%,Alhorath General Hospital,Jazan health directorate
3/20/2025,,M,17,By Private car/walk-in,,,,Blunt,124,15,21,No injury,No injury,No injury,Minor (All Other Injuries),No injury,No injury,1,Discharged home,100%,Bani Malek General Hospital,Jazan health directorate
3/20/2025,,M,54,By Red crescent,,,,Blunt,100,15,18,No injury,No injury,No injury,No injury,Moderate: Fractures (upper or lower extremity) not open,No injury,4,Admission,100%,Beesh General Hospital,Jazan health directorate
3/20/2025,,F,3,Transferred from another hospital,3/20/2025 02:00,3/20/2025 03:10,1:10,Blunt,89,8,18,Minor (All Other Injuries),No injury,No injury,No injury,No injury,No injury,1,Admission,98%,King Fahd Central Hospital in Jazan,Jazan health directorate
3/20/2025,,M,23,Transferred from another hospital,3/20/2025 10:00,3/20/2025 11:53,1:53,Penetrating,118,15,18,No injury,No injury,No injury,No injury,Serious: Open Fractures (upper or lower extremity),No injury,9,Admission,99%,King Fahd Central Hospital in Jazan,Jazan health directorate
3/20/2025,,M,45,By Red crescent,,,,Blunt,105,15,19,No injury,No injury,No injury,No injury,Moderate: Fractures (upper or lower extremity) not open,No injury,4,Admission,100%,sabya General Hospital,Jazan health directorate
4/10/2025,,M,13,By Red crescent,,,,Blunt,112,15,18,No injury,Minor (All Other Injuries),No injury,No injury,No injury,No injury,1,DAMA,100%,Ahd Almasarha General Hospital,Jazan health directorate
4/11/2025,,M,34,By Private car/walk-in,,,,Blunt,130,15,18,No injury,No injury,No injury,Minor (All Other Injuries),No injury,No injury,1,Discharged home,100%,Bani Malek General Hospital,Jazan health directorate
4/11/2025,,M,30,By Private car/walk-in,,,,Blunt,120,15,18,Minor (All Other Injuries),Minor (All Other Injuries),Minor (All Other Injuries),Minor (All Other Injuries),Minor (All Other Injuries),Minor (All Other Injuries),3,Discharged home,100%,Damad General Hospital,Jazan health directorate
4/11/2025,,M,62,By Red crescent,,,,Blunt,122,15,17,No injury,No injury,No injury,No injury,Minor (All Other Injuries),No injury,1,Admission,98%,Damad General Hospital,Jazan health directorate
4/11/2025,,F,98,Transferred from another hospital,11/4/25 5:00,11/4/25 6:45,1:45,Blunt,144,11,18,"Severe: Small to Moderate Epidural, Subdural, or Intracerebral  Hematoma",No injury,No injury,No injury,No injury,No injury,16,Admission,89%,King Fahd Central Hospital in Jazan,Jazan health directorate
4/11/2025,,M,4,Transferred from another hospital,11/4/25 22:00,11/4/25 23:24,1:24,Blunt,121,15,22,No injury,No injury,Moderate: Multiple rib fractures,No injury,Minor (All Other Injuries),No injury,5,Admission,100%,King Fahd Central Hospital in Jazan,Jazan health directorate
4/11/2025,,M,40,Transferred from another hospital,11/4/25 1:00,11/4/25 1:27,0:27,Blunt,123,14,18,"Severe: Small to Moderate Epidural, Subdural, or Intracerebral  Hematoma",No injury,No injury,No injury,No injury,No injury,16,Admission,99%,King Fahd Central Hospital in Jazan,Jazan health directorate
4/12/2025,,M,46,By Red crescent,,,,Penetrating,146,15,20,No injury,No injury,Minor (All Other Injuries),Minor (All Other Injuries),No injury,No injury,2,Transferred to another hospital,99%,Alhorath General Hospital,Jazan health directorate
4/12/2025,,M,19,By Red crescent,,,,Blunt,178,15,18,Minor (All Other Injuries),No injury,No injury,No injury,No injury,No injury,1,Admission,100%,Damad General Hospital,Jazan health directorate
4/12/2025,,M,16,By Red crescent,,,,Blunt,160,15,18,No injury,No injury,No injury,No injury,Minor (All Other Injuries),No injury,1,Discharged home,100%,Damad General Hospital,Jazan health directorate
4/12/2025,,M,93,Transferred from another hospital,12/4/25 14:00,12/4/25 15:51,1:51,Blunt,98,10,18,"Critical: Large Epidural, Subdural, or Intracerebral  Hematoma",No injury,No injury,No injury,No injury,No injury,25,Admission,79%,King Fahd Central Hospital in Jazan,Jazan health directorate
4/12/2025,,M,49,Transferred from another hospital,12/4/25 1:00,12/4/25 1:55,0:55,Penetrating,112,15,18,No injury,No injury,No injury,No injury,No injury,Moderate: 2nd or 3rd degree burns involving 10% to 19% Total Body Surface,4,Admission,99%,King Fahd Central Hospital in Jazan,Jazan health directorate
4/12/2025,,F,1,Transferred from another hospital,12/4/25 12:00,12/4/25 12:20,0:20,Penetrating,89,15,18,No injury,No injury,No injury,No injury,No injury,Minor (All Other Injuries),1,Admission,99%,King Fahd Central Hospital in Jazan,Jazan health directorate
4/13/2025,,F,52,By Private car/walk-in,,,,Blunt,139,15,18,No injury,No injury,No injury,No injury,Moderate: Fractures (upper or lower extremity) not open,No injury,4,Admission,100%,Beesh General Hospital,Jazan health directorate
4/14/2025,,F,7,By Private car/walk-in,,,,Penetrating,123,15,18,No injury,No injury,No injury,No injury,No injury,Minor (All Other Injuries),1,Admission,99%,King Fahd Central Hospital in Jazan,Jazan health directorate
4/14/2025,,M,28,By Private car/walk-in,,,,Blunt,121,15,18,No injury,No injury,No injury,No injury,Serious: Open Fractures (upper or lower extremity),No injury,9,Admission,99%,King Fahd Central Hospital in Jazan,Jazan health directorate
4/14/2025,,M,38,By Private car/walk-in,,,,Penetrating,123,15,18,No injury,No injury,Moderate: Simple Pneumothorax,No injury,No injury,No injury,4,Admission,99%,King Fahd Central Hospital in Jazan,Jazan health directorate
4/14/2025,,M,11,By Private car/walk-in,,,,Blunt,111,15,18,"Moderate: Tiny Epidural, Subdural, or Intracerebral  Hematoma",No injury,No injury,No injury,No injury,No injury,4,Admission,100%,King Fahd Central Hospital in Jazan,Jazan health directorate
4/14/2025,,M,69,By Red crescent,,,,Blunt,123,15,18,No injury,No injury,No injury,No injury,Moderate: Fractures (upper or lower extremity) not open,No injury,4,Admission,98%,King Fahd Central Hospital in Jazan,Jazan health directorate
4/14/2025,,M,18,By Red crescent,,,,Blunt,124,15,18,No injury,No injury,No injury,No injury,Moderate: Fractures (upper or lower extremity) not open,No injury,4,Admission,100%,King Fahd Central Hospital in Jazan,Jazan health directorate
4/15/2025,,M,26,By Red crescent,,,,Blunt,125,10,18,Minor (All Other Injuries),Minor (All Other Injuries),Moderate: Simple Pneumothorax,Minor (All Other Injuries),Minor (All Other Injuries),Minor (All Other Injuries),6,Death in ED,99%,King Fahd Central Hospital in Jazan,Jazan health directorate
4/15/2025,,M,70,Transferred from another hospital,4/15/2025 09:01,4/15/2025 10:52,1:51,Blunt,144,15,18,No injury,No injury,No injury,No injury,No injury,No injury,0,Transferred to another hospital,98%,King Fahd Central Hospital in Jazan,Jazan health directorate
4/15/2025,,M,10,By Red crescent,,,,Blunt,111,15,22,No injury,No injury,Minor (All Other Injuries),No injury,No injury,No injury,1,Admission,100%,King Fahd Central Hospital in Jazan,Jazan health directorate
4/15/2025,,F,33,Transferred from another hospital,4/15/2025 11:01,4/15/2025 12:56,1:55,Blunt,142,15,18,No injury,No injury,No injury,No injury,Moderate: Fractures (upper or lower extremity) not open,No injury,4,Admission,100%,King Fahd Central Hospital in Jazan,Jazan health directorate
4/15/2025,,M,8,Transferred from another hospital,4/15/2025 00:01,4/15/2025 01:52,1:51,Penetrating,111,15,22,No injury,No injury,No injury,No injury,No injury,Serious: 2nd or 3rd degree burns involving 20% to 29% Total Body Surface,9,Admission,99%,King Fahd Central Hospital in Jazan,Jazan health directorate
4/15/2025,,F,10,Transferred from another hospital,4/15/2025 02:55,4/15/2025 04:12,1:17,Penetrating,114,15,18,No injury,No injury,No injury,No injury,No injury,Serious: 2nd or 3rd degree burns involving 20% to 29% Total Body Surface,9,Admission,99%,King Fahd Central Hospital in Jazan,Jazan health directorate
4/15/2025,,F,3,Transferred from another hospital,4/15/2025 03:55,4/15/2025 05:34,1:39,Penetrating,98,15,18,No injury,No injury,No injury,No injury,No injury,Moderate: 2nd or 3rd degree burns involving 10% to 19% Total Body Surface,4,Admission,99%,King Fahd Central Hospital in Jazan,Jazan health directorate
4/15/2025,,M,11,By Red crescent,,,,Blunt,96,15,24,"Moderate: Tiny Epidural, Subdural, or Intracerebral  Hematoma",No injury,No injury,No injury,No injury,No injury,4,DAMA,100%,King Fahd Central Hospital in Jazan,Jazan health directorate
4/15/2025,,M,70,By Red crescent,,,,Blunt,154,15,18,No injury,No injury,No injury,No injury,Moderate: Fractures (upper or lower extremity) not open,No injury,4,Admission,98%,King Fahd Central Hospital in Jazan,Jazan health directorate
4/15/2025,,M,10,By Private car/walk-in,,,,Blunt,100,15,20,No injury,No injury,No injury,No injury,Moderate: Fractures (upper or lower extremity) not open,No injury,4,Admission,100%,King Fahd Central Hospital in Jazan,Jazan health directorate
4/15/2025,,M,6,By Private car/walk-in,,,,Blunt,100,15,22,No injury,No injury,No injury,No injury,Moderate: Fractures (upper or lower extremity) not open,No injury,4,Admission,100%,King Fahd Central Hospital in Jazan,Jazan health directorate
4/16/2025,,F,5,Transferred from another hospital,4/16/2025 13:55,4/16/2025 15:47,1:52,Blunt,97,15,18,No injury,No injury,No injury,Moderate: Liver laceration less than 3 cm deep ,No injury,No injury,4,Admission,100%,King Fahd Central Hospital in Jazan,Jazan health directorate
4/16/2025,,M,88,Transferred from another hospital,4/16/2025 15:01,4/16/2025 16:34,1:33,Blunt,114,15,18,Minor (All Other Injuries),No injury,No injury,No injury,No injury,No injury,1,Transferred to another hospital,98%,King Fahd Central Hospital in Jazan,Jazan health directorate
4/16/2025,,M,10,Transferred from another hospital,4/16/2025 20:01,4/16/2025 21:42,1:41,Penetrating,96,15,18,No injury,No injury,No injury,No injury,Moderate: Fractures (upper or lower extremity) not open,No injury,4,Admission,99%,King Fahd Central Hospital in Jazan,Jazan health directorate
4/16/2025,,F,5,By Private car/walk-in,,,,Penetrating,98,15,18,No injury,No injury,No injury,No injury,No injury,Severe: 2nd or 3rd degree burns involving 30% to 39% Total Body Surface,16,Admission,99%,King Fahd Central Hospital in Jazan,Jazan health directorate
4/16/2025,,M,18,By Red crescent,,,,Blunt,135,15,20,Minor (All Other Injuries),Minor (All Other Injuries),No injury,No injury,Minor (All Other Injuries),Minor (All Other Injuries),3,Transferred to another hospital,100%,King Fahd Central Hospital in Jazan,Jazan health directorate
4/16/2025,,M,7,By Private car/walk-in,,,,Blunt,100,15,23,No injury,No injury,No injury,No injury,Moderate: Fractures (upper or lower extremity) not open,No injury,4,Admission,100%,King Fahd Central Hospital in Jazan,Jazan health directorate
4/17/2025,,M,30,By Red crescent,,,,Penetrating,97,15,19,No injury,No injury,No injury,No injury,Moderate: Fractures (upper or lower extremity) not open,No injury,4,Admission,99%,King Fahd Central Hospital in Jazan,Jazan health directorate
4/17/2025,,M,25,By Red crescent,,,,Blunt,144,15,18,Minor (All Other Injuries),Minor (All Other Injuries),No injury,No injury,No injury,No injury,2,Admission,100%,King Fahd Central Hospital in Jazan,Jazan health directorate
4/17/2025,,M,5,By Private car/walk-in,,,,Penetrating,98,15,18,No injury,No injury,No injury,No injury,No injury,Minor (All Other Injuries),1,Admission,99%,King Fahd Central Hospital in Jazan,Jazan health directorate
4/17/2025,,F,8,Transferred from another hospital,4/17/2025 12:55,4/17/2025 14:17,1:22,Penetrating,89,8,18,Minor (All Other Injuries),No injury,Serious: Hemothorax,Moderate: Liver laceration less than 3 cm deep ,No injury,No injury,14,Admission,85%,King Fahd Central Hospital in Jazan,Jazan health directorate
4/17/2025,,F,32,Transferred from another hospital,4/17/2025 13:55,4/17/2025 15:40,1:45,Blunt,123,15,18,Moderate: Intra-ventricular hemorrhage or subarachnoid hemorrhage,No injury,Moderate: Multiple rib fractures,No injury,Moderate: Fractures (upper or lower extremity) not open,Minor (All Other Injuries),12,Admission,99%,King Fahd Central Hospital in Jazan,Jazan health directorate
4/17/2025,,F,28,By Private car/walk-in,,,,Penetrating,112,15,18,No injury,No injury,No injury,No injury,No injury,Minor (All Other Injuries),1,Admission,99%,King Fahd Central Hospital in Jazan,Jazan health directorate
4/17/2025,,M,20,By Red crescent,,,,Blunt,123,15,18,No injury,No injury,No injury,No injury,Moderate: Fractures (upper or lower extremity) not open,No injury,4,Admission,100%,King Fahd Central Hospital in Jazan,Jazan health directorate
4/17/2025,,M,25,By Red crescent,,,,Blunt,140,10,25,Serious: Small Brain Contusion ,No injury,Moderate: Simple Pneumothorax,Minor (All Other Injuries),No injury,No injury,14,Admission,98%,King Fahd Central Hospital in Jazan,Jazan health directorate
4/17/2025,,F,33,By Red crescent,,,,Penetrating,90,15,22,No injury,Minor (All Other Injuries),Serious: Diaphragmatic laceration (Less than 10 cm),Minor (All Other Injuries),No injury,No injury,11,Admission,99%,King Fahd Central Hospital in Jazan,Jazan health directorate
4/17/2025,,F,70,By Red crescent,,,,Penetrating,170,15,24,No injury,Minor (All Other Injuries),Moderate: Other named vein injury,No injury,No injury,No injury,5,Admission,98%,King Fahd Central Hospital in Jazan,Jazan health directorate
4/17/2025,,M,18,By Red crescent,,,,Blunt,119,15,18,Minor (All Other Injuries),No injury,Minor (All Other Injuries),No injury,Minor (All Other Injuries),Minor (All Other Injuries),3,Admission,100%,King Fahd Central Hospital in Jazan,Jazan health directorate
4/17/2025,,M,19,By Red crescent,,,,Blunt,121,15,20,No injury,No injury,No injury,Minor (All Other Injuries),Minor (All Other Injuries),Minor (All Other Injuries),3,Admission,100%,King Fahd Central Hospital in Jazan,Jazan health directorate
4/17/2025,,M,29,By Red crescent,,,,Blunt,135,15,20,Minor (All Other Injuries),No injury,No injury,No injury,No injury,No injury,1,Admission,100%,King Fahd Central Hospital in Jazan,Jazan health directorate
4/18/2025,,M,46,By Red crescent,,,,Blunt,106,15,16,No injury,No injury,No injury,No injury,Moderate: Fractures (upper or lower extremity) not open,No injury,4,Admission,100%,King Fahd Central Hospital in Jazan,Jazan health directorate
4/18/2025,,M,64,By Private car/walk-in,,,,Penetrating,108,15,19,Minor (All Other Injuries),No injury,No injury,No injury,No injury,No injury,1,Transferred to another hospital,98%,King Fahd Central Hospital in Jazan,Jazan health directorate
4/18/2025,,M,14,Transferred from another hospital,4/18/2025 13:01,4/18/2025 14:09,1:08,Blunt,142,15,18,"Moderate: Tiny Epidural, Subdural, or Intracerebral  Hematoma",No injury,No injury,No injury,No injury,No injury,4,Admission,100%,King Fahd Central Hospital in Jazan,Jazan health directorate
4/18/2025,,M,26,Transferred from another hospital,4/18/2025 08:10,4/18/2025 09:25,1:15,Blunt,134,15,18,No injury,No injury,No injury,No injury,Minor (All Other Injuries),No injury,1,Admission,100%,King Fahd Central Hospital in Jazan,Jazan health directorate
4/18/2025,,M,43,By Red crescent,,,,Penetrating,135,15,18,Serious: Superficial penerating injury to skull (less than 2 cm deep),Severe: Penetrating face injury causing massive distruction to face including both eyes,No injury,No injury,Minor (All Other Injuries),Minor (All Other Injuries),26,Transferred to another hospital,97%,King Fahd Central Hospital in Jazan,Jazan health directorate
4/18/2025,,M,10,By Private car/walk-in,,,,Blunt,98,15,23,No injury,No injury,No injury,No injury,Moderate: Fractures (upper or lower extremity) not open,No injury,4,Admission,100%,King Fahd Central Hospital in Jazan,Jazan health directorate
4/19/2025,,M,45,By Red crescent,,,,Blunt,128,15,18,Minor (All Other Injuries),No injury,No injury,No injury,No injury,No injury,1,Discharged home,100%,King Fahd Central Hospital in Jazan,Jazan health directorate
4/19/2025,,M,26,By Red crescent,,,,Blunt,147,15,18,No injury,No injury,No injury,No injury,Minor (All Other Injuries),No injury,1,Discharged home,100%,King Fahd Central Hospital in Jazan,Jazan health directorate
4/19/2025,,M,33,By Red crescent,,,,Blunt,141,15,20,Minor (All Other Injuries),No injury,No injury,No injury,Minor (All Other Injuries),No injury,2,Transferred to another hospital,100%,King Fahd Central Hospital in Jazan,Jazan health directorate
4/19/2025,,M,31,By Private car/walk-in,,,,Penetrating,124,15,20,No injury,No injury,Minor (All Other Injuries),No injury,Minor (All Other Injuries),Minor (All Other Injuries),3,Transferred to another hospital,99%,King Fahd Central Hospital in Jazan,Jazan health directorate
4/19/2025,,M,27,By Red crescent,,,,Blunt,136,15,18,Minor (All Other Injuries),No injury,No injury,No injury,No injury,No injury,1,Transferred to another hospital,100%,King Fahd Central Hospital in Jazan,Jazan health directorate
4/19/2025,,M,38,By Red crescent,,,,Penetrating,1,1,20,No injury,No injury,No injury,"Severe: Abdominal named artery or vein major rupture, transection, major bleeding",No injury,No injury,16,Death in ED,10%,King Fahd Central Hospital in Jazan,Jazan health directorate
4/19/2025,,F,54,By Red crescent,,,,Penetrating,124,15,18,No injury,No injury,No injury,No injury,Serious: Open Fractures (upper or lower extremity),No injury,9,Admission,99%,King Fahd Central Hospital in Jazan,Jazan health directorate
4/19/2025,,F,9,Transferred from another hospital,4/19/2025 18:40,4/19/2025 20:30,1:50,Blunt,123,15,18,No injury,No injury,No injury,No injury,Serious: Open Fractures (upper or lower extremity),No injury,9,Admission,99%,King Fahd Central Hospital in Jazan,Jazan health directorate
4/19/2025,,M,70,By Red crescent,,,,Blunt,122,15,18,No injury,No injury,No injury,No injury,Moderate: Fractures (upper or lower extremity) not open,No injury,4,Admission,98%,King Fahd Central Hospital in Jazan,Jazan health directorate
4/19/2025,,M,55,By Red crescent,,,,Blunt,141,15,19,"Moderate: Tiny Epidural, Subdural, or Intracerebral  Hematoma",Minor (All Other Injuries),No injury,No injury,No injury,No injury,5,Admission,98%,King Fahd Central Hospital in Jazan,Jazan health directorate
4/19/2025,,M,32,By Private car/walk-in,,,,Blunt,120,15,18,Minor (All Other Injuries),Minor (All Other Injuries),Minor (All Other Injuries),Minor (All Other Injuries),Minor (All Other Injuries),Minor (All Other Injuries),3,Admission,100%,King Fahd Central Hospital in Jazan,Jazan health directorate
4/19/2025,,M,19,By Red crescent,,,,Blunt,148,15,18,No injury,No injury,No injury,No injury,No injury,No injury,0,Discharged home,100%,King Fahd Central Hospital in Jazan,Jazan health directorate
4/20/2025,,M,28,By Red crescent,,,,Blunt,137,15,18,No injury,No injury,No injury,Minor (All Other Injuries),Minor (All Other Injuries),No injury,2,Transferred to another hospital,100%,King Fahd Central Hospital in Jazan,Jazan health directorate
5/1/2025,,M,82,By Red crescent,,,,Penetrating,112,13,18,Minor (All Other Injuries),No injury,No injury,No injury,No injury,No injury,1,Transferred to another hospital,98%,Beesh General Hospital,Jazan health directorate
5/1/2025,,M,45,By Red crescent,,,,Penetrating,103,12,18,No injury,No injury,Moderate: Multiple rib fractures,Moderate: Liver laceration less than 3 cm deep,Serious: Open Fractures (upper or lower extremity),No injury,13,Admission,97%,King Fahd Central Hospital in Jazan,Jazan health directorate
5/1/2025,,M,4,By Private car/walk-in,,,,Penetrating,98,15,18,No injury,No injury,No injury,No injury,Moderate: Amputation at wrist or ankle,No injury,4,Admission,99%,King Fahd Central Hospital in Jazan,Jazan health directorate
5/1/2025,,M,60,Transferred from another hospital,5/1/25 1:00,5/1/25 2:59,1:59,Blunt,123,15,18,"Moderate: Tiny Epidural, Subdural, or Intracerebral  Hematoma",No injury,No injury,No injury,No injury,No injury,4,Admission,98%,King Fahd Central Hospital in Jazan,Jazan health directorate
5/1/2025,,M,83,Transferred from another hospital,5/1/25 13:01,5/1/25 14:56,1:55,Penetrating,136,11,18,"Critical: Large Epidural, Subdural, or Intracerebral  Hematoma",No injury,No injury,No injury,No injury,No injury,25,Admission,83%,King Fahd Central Hospital in Jazan,Jazan health directorate
5/1/2025,,M,24,By Red crescent,,,,Penetrating,60,3,18,Unsurvivable: Massive destruction of skull and brain,No injury,No injury,No injury,No injury,No injury,75,Admission,1%,King Fahd Central Hospital in Jazan,Jazan health directorate
5/1/2025,,M,37,By Red crescent,,,,Penetrating,123,15,18,No injury,No injury,No injury,No injury,Moderate: Vascualr injury (upper or lower extremity) without major blood loss,No injury,4,Admission,99%,King Fahd Central Hospital in Jazan,Jazan health directorate
5/1/2025,,M,75,By Red crescent,,,,Blunt,144,15,20,No injury,Minor (All Other Injuries),No injury,No injury,No injury,No injury,1,Admission,98%,sabya General Hospital,Jazan health directorate
5/2/2025,,M,3,By Private car/walk-in,,,,Penetrating,98,15,18,No injury,No injury,No injury,No injury,No injury,Moderate: 2nd or 3rd degree burns involving 10% to 19% Total Body Surface,4,Transferred to another hospital,99%,King Fahd Central Hospital in Jazan,Jazan health directorate
5/2/2025,,M,42,By Private car/walk-in,,,,Blunt,125,15,19,No injury,No injury,No injury,No injury,Moderate: Fractures (upper or lower extremity) not open,No injury,4,Admission,100%,sabya General Hospital,Jazan health directorate
5/3/2025,,M,25,By Red crescent,,,,Penetrating,125,15,18,No injury,No injury,No injury,No injury,Minor (All Other Injuries),No injury,1,Transferred to another hospital,99%,Alhorath General Hospital,Jazan health directorate
5/3/2025,,M,27,By Red crescent,,,,Penetrating,127,15,20,No injury,No injury,No injury,No injury,Minor (All Other Injuries),No injury,1,Transferred to another hospital,99%,Alhorath General Hospital,Jazan health directorate
5/3/2025,,M,20,By Private car/walk-in,,,,Penetrating,127,15,16,No injury,No injury,No injury,No injury,Minor (All Other Injuries),No injury,1,Discharged home,99%,Alhorath General Hospital,Jazan health directorate
5/3/2025,,M,49,By Red crescent,,,,Penetrating,107,15,16,No injury,No injury,No injury,No injury,Minor (All Other Injuries),No injury,1,Discharged home,99%,Alhorath General Hospital,Jazan health directorate
5/3/2025,,M,27,By Red crescent,,,,Penetrating,112,15,19,No injury,No injury,No injury,No injury,Minor (All Other Injuries),No injury,1,Discharged home,99%,Alhorath General Hospital,Jazan health directorate
5/3/2025,,M,22,By Red crescent,,,,Penetrating,127,15,18,No injury,No injury,No injury,No injury,Minor (All Other Injuries),No injury,1,Transferred to another hospital,99%,Alhorath General Hospital,Jazan health directorate
5/3/2025,,M,36,By Red crescent,,,,Penetrating,123,15,16,No injury,No injury,No injury,No injury,Minor (All Other Injuries),No injury,1,Transferred to another hospital,99%,Alhorath General Hospital,Jazan health directorate
5/3/2025,,M,22,By Red crescent,,,,Penetrating,124,15,18,Minor (All Other Injuries),No injury,Minor (All Other Injuries),No injury,No injury,No injury,2,Transferred to another hospital,99%,Alhorath General Hospital,Jazan health directorate
5/3/2025,,M,25,Transferred from another hospital,5/3/25 15:03,5/3/25 16:53,1:50,Blunt,136,15,18,Minor (All Other Injuries),No injury,Moderate: Multiple rib fractures,Moderate: Liver laceration less than 3 cm deep,No injury,No injury,5,Admission,100%,King Fahd Central Hospital in Jazan,Jazan health directorate
5/3/2025,,M,53,Transferred from another hospital,5/3/25 17:01,5/3/25 18:38,1:37,Penetrating,124,15,18,No injury,No injury,No injury,No injury,No injury,Critical: 2nd or 3rd degree burns involving 40% to 90% Total Body Surface,25,Admission,97%,King Fahd Central Hospital in Jazan,Jazan health directorate
5/3/2025,,M,16,Transferred from another hospital,5/3/25 1:08,5/3/25 2:30,1:22,Penetrating,126,15,18,No injury,Minor (All Other Injuries),No injury,No injury,No injury,No injury,1,Admission,99%,King Fahd Central Hospital in Jazan,Jazan health directorate
5/3/2025,,M,1,By Private car/walk-in,,,,Penetrating,98,15,18,No injury,No injury,No injury,No injury,No injury,Serious: 2nd or 3rd degree burns involving 20% to 29% Total Body Surface,9,Admission,99%,King Fahd Central Hospital in Jazan,Jazan health directorate
5/3/2025,,F,74,By Private car/walk-in,,,,Blunt,132,15,18,No injury,No injury,No injury,No injury,Moderate: Fractures (upper or lower extremity) not open,No injury,4,Admission,98%,King Fahd Central Hospital in Jazan,Jazan health directorate
5/3/2025,,M,25,By Private car/walk-in,,,,Blunt,123,15,18,Severe: Open or depressed skull fracture,No injury,No injury,No injury,No injury,No injury,16,Admission,99%,King Fahd Central Hospital in Jazan,Jazan health directorate
5/3/2025,,M,70,By Private car/walk-in,,,,Blunt,140,15,19,No injury,No injury,No injury,No injury,Moderate: Fractures (upper or lower extremity) not open,No injury,4,Admission,98%,sabya General Hospital,Jazan health directorate
5/3/2025,,M,40,By Red crescent,,,,Blunt,130,15,19,No injury,No injury,No injury,No injury,Serious: Open Fractures (upper or lower extremity),No injury,9,Admission,99%,sabya General Hospital,Jazan health directorate
5/4/2025,,M,28,By Private car/walk-in,,,,Penetrating,142,15,20,No injury,Minor (All Other Injuries),No injury,Minor (All Other Injuries),Minor (All Other Injuries),Minor (All Other Injuries),3,Transferred to another hospital,99%,Alhorath General Hospital,Jazan health directorate
5/4/2025,,M,27,By Red crescent,,,,Penetrating,134,15,18,No injury,No injury,No injury,No injury,Moderate: Vascualr injury (upper or lower extremity) without major blood loss,No injury,4,Admission,99%,King Fahd Central Hospital in Jazan,Jazan health directorate
5/4/2025,,F,11,Transferred from another hospital,5/4/25 3:01,5/4/25 4:32,1:31,Penetrating,124,15,18,No injury,No injury,No injury,No injury,Serious: Open Fractures (upper or lower extremity),No injury,9,Admission,99%,King Fahd Central Hospital in Jazan,Jazan health directorate
5/4/2025,,M,64,Transferred from another hospital,5/4/25 11:01,5/4/25 12:00,0:58,Blunt,132,15,18,Critical: C4 or below causing complete cord transection or contusion,No injury,No injury,No injury,No injury,No injury,25,Admission,89%,King Fahd Central Hospital in Jazan,Jazan health directorate
5/4/2025,,M,45,By Private car/walk-in,,,,Penetrating,135,15,18,No injury,No injury,No injury,No injury,Moderate: Amputation at wrist or ankle,No injury,4,Admission,99%,King Fahd Central Hospital in Jazan,Jazan health directorate
5/5/2025,,M,15,By Private car/walk-in,,,,Penetrating,110,15,66,No injury,No injury,No injury,No injury,Minor (All Other Injuries),Minor (All Other Injuries),2,Admission,99%,Almwassam General Hospital,Jazan health directorate
5/5/2025,,M,18,By Red crescent,,,,Blunt,133,15,20,No injury,No injury,Serious: Diaphragmatic laceration (Less than 10 cm),No injury,No injury,No injury,9,Admission,99%,Jazan General Hospital,Jazan health directorate
5/5/2025,,M,1,By Private car/walk-in,,,,Penetrating,98,15,18,No injury,No injury,No injury,No injury,Minor (All Other Injuries),No injury,1,Admission,99%,King Fahd Central Hospital in Jazan,Jazan health directorate
5/6/2025,,M,23,By Private car/walk-in,,,,Penetrating,114,15,22,No injury,No injury,No injury,No injury,Serious: Vascualr injury (upper or lower extremity) with major blood loss,No injury,9,Transferred to another hospital,99%,Alhorath General Hospital,Jazan health directorate
5/6/2025,,M,32,By Private car/walk-in,,,,Penetrating,104,15,21,No injury,No injury,No injury,No injury,Serious: Open Fractures (upper or lower extremity),Minor (All Other Injuries),10,Transferred to another hospital,99%,Alhorath General Hospital,Jazan health directorate
5/6/2025,,M,45,By Private car/walk-in,,,,Blunt,144,15,18,No injury,No injury,No injury,No injury,Moderate: Fractures (upper or lower extremity) not open,No injury,4,Admission,100%,Beesh General Hospital,Jazan health directorate
5/6/2025,,M,37,By Private car/walk-in,,,,Blunt,112,15,18,No injury,No injury,No injury,No injury,Moderate: Fractures (upper or lower extremity) not open,No injury,4,Admission,100%,Beesh General Hospital,Jazan health directorate
5/6/2025,,M,65,By Red crescent,,,,Blunt,133,15,18,Severe: Open or depressed skull fracture,No injury,No injury,No injury,No injury,No injury,16,Admission,94%,King Fahd Central Hospital in Jazan,Jazan health directorate
5/7/2025,,M,39,By Private car/walk-in,,,,Blunt,137,15,22,Minor (All Other Injuries),No injury,Minor (All Other Injuries),Minor (All Other Injuries),Minor (All Other Injuries),Minor (All Other Injuries),3,Transferred to another hospital,100%,Alhorath General Hospital,Jazan health directorate
5/7/2025,,M,25,By Private car/walk-in,,,,Penetrating,116,15,18,No injury,No injury,No injury,No injury,Serious: Open Fractures (upper or lower extremity),No injury,9,Admission,99%,Alhorath General Hospital,Jazan health directorate
5/7/2025,,M,29,Transferred from another hospital,5/7/25 17:20,5/7/25 18:33,1:13,Penetrating,124,15,18,No injury,No injury,No injury,No injury,Moderate: Vascualr injury (upper or lower extremity) without major blood loss,No injury,4,Admission,99%,King Fahd Central Hospital in Jazan,Jazan health directorate
5/7/2025,,F,61,By Red crescent,,,,Blunt,91,14,20,Minor (All Other Injuries),Minor (All Other Injuries),Critical: Tension pneumothorax,Minor (All Other Injuries),Minor (All Other Injuries),Minor (All Other Injuries),27,Transferred to another hospital,87%,Samtah General Hospital,Jazan health directorate
5/7/2025,,F,61,By Red crescent,,,,Blunt,91,15,20,Minor (All Other Injuries),Minor (All Other Injuries),Critical: Tension pneumothorax,Minor (All Other Injuries),Minor (All Other Injuries),Minor (All Other Injuries),27,Transferred to another hospital,87%,Samtah General Hospital,Jazan health directorate
5/8/2025,,M,34,By Red crescent,,,,Blunt,116,15,20,Minor (All Other Injuries),Minor (All Other Injuries),No injury,No injury,No injury,No injury,2,Admission,100%,Alarda General Hospital,Jazan health directorate
5/8/2025,,F,63,By Private car/walk-in,,,,Penetrating,130,15,15,No injury,Minor (All Other Injuries),No injury,No injury,No injury,No injury,1,Discharged home,98%,Almwassam General Hospital,Jazan health directorate
5/8/2025,,F,11,By Private car/walk-in,,,,Blunt,128,15,20,No injury,No injury,No injury,No injury,No injury,No injury,0,Discharged home,100%,Bani Malek General Hospital,Jazan health directorate
5/8/2025,,M,15,By Private car/walk-in,,,,Blunt,116,15,19,No injury,No injury,No injury,No injury,No injury,No injury,0,Discharged home,100%,Bani Malek General Hospital,Jazan health directorate
5/8/2025,,F,46,By Private car/walk-in,,,,Blunt,121,15,20,No injury,No injury,No injury,No injury,No injury,No injury,0,Discharged home,100%,Bani Malek General Hospital,Jazan health directorate
5/8/2025,,M,13,By Private car/walk-in,,,,Blunt,113,15,20,No injury,No injury,No injury,No injury,No injury,No injury,0,Discharged home,100%,Bani Malek General Hospital,Jazan health directorate
5/8/2025,,F,5,By Private car/walk-in,,,,Blunt,117,15,24,No injury,No injury,No injury,No injury,No injury,No injury,0,Discharged home,100%,Bani Malek General Hospital,Jazan health directorate
5/8/2025,,M,3,By Private car/walk-in,,,,Blunt,107,15,26,No injury,No injury,No injury,No injury,No injury,No injury,0,Discharged home,100%,Bani Malek General Hospital,Jazan health directorate
5/8/2025,,M,27,By Red crescent,,,,Blunt,120,15,20,No injury,No injury,No injury,No injury,Moderate: Fractures (upper or lower extremity) not open,No injury,4,Admission,100%,Beesh General Hospital,Jazan health directorate
5/8/2025,,M,9,By Private car/walk-in,,,,Blunt,108,15,23,Minor (All Other Injuries),No injury,No injury,No injury,Minor (All Other Injuries),No injury,2,DAMA,100%,Farasan General Hospital,Jazan health directorate
5/8/2025,,F,20,By Red crescent,,,,Blunt,116,15,18,No injury,No injury,No injury,No injury,Moderate: Fractures (upper or lower extremity) not open,No injury,4,Admission,100%,Jazan General Hospital,Jazan health directorate
5/8/2025,,M,4,Transferred from another hospital,5/8/25 17:01,5/8/25 18:53,1:52,Blunt,98,15,18,Moderate: Simple undisplaced Skull Fracture,No injury,No injury,No injury,No injury,No injury,4,Admission,100%,King Fahd Central Hospital in Jazan,Jazan health directorate
5/8/2025,,M,34,By Red crescent,,,,Blunt,68,8,24,No injury,No injury,Serious: Rib fractures with flial chest,No injury,Moderate: Fractures (upper or lower extremity) not open,No injury,13,Admission,89%,Prince Mohamed Bin Nasser Hospital,Jazan health directorate
5/8/2025,,M,36,Transferred from another hospital,5/8/25 17:32,5/8/25 19:20,1:48,Blunt,110,15,21,No injury,No injury,No injury,Severe: Liver disruption involving less than 75% of the liver lobe,No injury,No injury,16,Admission,99%,sabya General Hospital,Jazan health directorate
5/8/2025,,F,1,By Private car/walk-in,,,,Blunt,101,15,27,Moderate: Simple undisplaced Skull Fracture,No injury,No injury,No injury,No injury,No injury,4,DAMA,100%,sabya General Hospital,Jazan health directorate
5/9/2025,,M,12,By Red crescent,,,,Blunt,110,15,24,Minor (All Other Injuries),Minor (All Other Injuries),No injury,No injury,No injury,No injury,2,Transferred to another hospital,100%,Alarda General Hospital,Jazan health directorate
5/9/2025,,M,15,By Private car/walk-in,,,,Blunt,126,15,18,No injury,No injury,No injury,No injury,Minor (All Other Injuries),Minor (All Other Injuries),2,Discharged home,100%,Alhorath General Hospital,Jazan health directorate
5/9/2025,,M,13,By Private car/walk-in,,,,Blunt,102,15,18,No injury,No injury,No injury,No injury,Moderate: Fractures (upper or lower extremity) not open,Minor (All Other Injuries),5,Discharged home,100%,Alhorath General Hospital,Jazan health directorate
5/9/2025,,M,39,By Private car/walk-in,,,,Penetrating,147,15,17,No injury,No injury,No injury,No injury,Minor (All Other Injuries),Minor (All Other Injuries),2,Discharged home,99%,Alhorath General Hospital,Jazan health directorate
5/9/2025,,M,25,By Private car/walk-in,,,,Blunt,126,15,20,No injury,No injury,No injury,No injury,No injury,Minor (All Other Injuries),1,Discharged home,100%,Alhorath General Hospital,Jazan health directorate
5/9/2025,,M,60,By Red crescent,,,,Blunt,104,15,18,No injury,No injury,No injury,No injury,Moderate: Fractures (upper or lower extremity) not open,No injury,4,Admission,98%,Beesh General Hospital,Jazan health directorate
5/9/2025,,M,23,By Red crescent,,,,Blunt,137,15,20,No injury,No injury,No injury,No injury,Moderate: Fractures (upper or lower extremity) not open,No injury,4,Admission,100%,Jazan General Hospital,Jazan health directorate
5/9/2025,,M,30,By Red crescent,,,,Blunt,112,15,20,No injury,No injury,No injury,No injury,No injury,No injury,0,Admission,100%,Jazan General Hospital,Jazan health directorate
5/9/2025,,M,34,Transferred from another hospital,5/9/25 22:14,5/9/25 23:18,1:04,Penetrating,123,15,18,No injury,No injury,No injury,No injury,No injury,Moderate: 2nd or 3rd degree burns involving 10% to 19% Total Body Surface,4,Admission,99%,King Fahd Central Hospital in Jazan,Jazan health directorate
5/9/2025,,F,6,By Private car/walk-in,,,,Blunt,104,15,23,No injury,No injury,No injury,No injury,No injury,Critical: 2nd or 3rd degree burns involving 40% to 90% Total Body Surface,25,Transferred to another hospital,98%,sabya General Hospital,Jazan health directorate
5/10/2025,,M,60,By Red crescent,,,,Blunt,104,15,18,Minor (All Other Injuries),No injury,No injury,No injury,No injury,No injury,1,Admission,98%,Beesh General Hospital,Jazan health directorate
5/10/2025,,F,22,Transferred from another hospital,5/10/25 22:01,5/10/25 23:21,1:19,Blunt,126,15,18,No injury,No injury,No injury,Moderate: Liver laceration less than 3 cm deep,Serious: Open Fractures (upper or lower extremity),No injury,9,Admission,99%,King Fahd Central Hospital in Jazan,Jazan health directorate
5/10/2025,,M,23,By Red crescent,,,,Blunt,130,15,18,No injury,No injury,No injury,No injury,Moderate: Fractures (upper or lower extremity) not open,No injury,4,Admission,100%,sabya General Hospital,Jazan health directorate
5/10/2025,,F,24,By Red crescent,,,,Blunt,122,15,19,No injury,No injury,No injury,No injury,Moderate: Fractures (upper or lower extremity) not open,No injury,4,Admission,100%,sabya General Hospital,Jazan health directorate
5/11/2025,,M,21,By Red crescent,,,,Blunt,122,15,19,Minor (All Other Injuries),Minor (All Other Injuries),No injury,No injury,Moderate: Fractures (upper or lower extremity) not open,Minor (All Other Injuries),6,Admission,100%,Alarda General Hospital,Jazan health directorate
5/11/2025,,M,24,By Red crescent,,,,Blunt,145,15,18,Minor (All Other Injuries),Minor (All Other Injuries),Minor (All Other Injuries),No injury,No injury,No injury,3,Discharged home,100%,Alarda General Hospital,Jazan health directorate
5/11/2025,,M,25,By Private car/walk-in,,,,Blunt,131,15,20,No injury,No injury,No injury,No injury,No injury,No injury,0,Discharged home,100%,Bani Malek General Hospital,Jazan health directorate
5/11/2025,,F,42,By Private car/walk-in,,,,Blunt,122,15,19,No injury,No injury,No injury,No injury,No injury,No injury,0,Discharged home,100%,Bani Malek General Hospital,Jazan health directorate
5/11/2025,,M,15,By Private car/walk-in,,,,Blunt,117,15,20,No injury,No injury,No injury,No injury,No injury,No injury,0,Discharged home,100%,Bani Malek General Hospital,Jazan health directorate
5/11/2025,,M,15,By Private car/walk-in,,,,Blunt,128,15,24,No injury,No injury,No injury,No injury,No injury,No injury,0,Admission,100%,Bani Malek General Hospital,Jazan health directorate
5/11/2025,,M,8,By Private car/walk-in,,,,Blunt,119,15,23,No injury,No injury,No injury,No injury,Moderate: Fractures (upper or lower extremity) not open,No injury,4,Admission,100%,Bani Malek General Hospital,Jazan health directorate
5/11/2025,,M,13,By Private car/walk-in,,,,Penetrating,126,15,26,No injury,No injury,No injury,No injury,Serious: Open Fractures (upper or lower extremity),No injury,9,Transferred to another hospital,99%,Bani Malek General Hospital,Jazan health directorate
5/11/2025,,F,2,Transferred from another hospital,5/11/25 19:19,5/11/25 20:58,1:39,Blunt,98,15,18,No injury,No injury,No injury,Moderate: Liver laceration less than 3 cm deep,Moderate: Fractures (upper or lower extremity) not open,No injury,4,Admission,100%,King Fahd Central Hospital in Jazan,Jazan health directorate
5/11/2025,,M,14,Transferred from another hospital,5/11/25 18:01,5/11/25 19:24,1:22,Penetrating,115,15,18,No injury,No injury,No injury,No injury,Serious: Open Fractures (upper or lower extremity),No injury,9,Admission,99%,King Fahd Central Hospital in Jazan,Jazan health directorate
5/11/2025,,M,33,Transferred from another hospital,5/11/25 13:01,5/11/25 14:12,1:10,Blunt,93,15,18,"Severe: Small to Moderate Epidural, Subdural, or Intracerebral  Hematoma",No injury,Moderate: Simple Pneumothorax,No injury,Serious: Open Fractures (upper or lower extremity),No injury,29,Admission,97%,King Fahd Central Hospital in Jazan,Jazan health directorate
5/11/2025,,M,2,By Private car/walk-in,,,,Penetrating,89,15,18,No injury,No injury,No injury,No injury,No injury,Moderate: 2nd or 3rd degree burns involving 10% to 19% Total Body Surface,4,Admission,99%,King Fahd Central Hospital in Jazan,Jazan health directorate
5/11/2025,,M,8,Transferred from another hospital,5/11/25 3:01,5/11/25 4:27,1:25,Penetrating,123,15,18,No injury,No injury,No injury,No injury,Minor (All Other Injuries),No injury,1,Admission,99%,King Fahd Central Hospital in Jazan,Jazan health directorate
5/11/2025,,M,32,By Red crescent,,,,Blunt,116,5,20,"Severe: Small to Moderate Epidural, Subdural, or Intracerebral  Hematoma",No injury,Severe: Pneumothorax (50% lung collapse on x-ray),No injury,Moderate: Fractures (upper or lower extremity) not open,No injury,36,Transferred to another hospital,65%,Samtah General Hospital,Jazan health directorate
5/12/2025,,M,27,By Red crescent,,,,Blunt,120,15,20,No injury,No injury,No injury,No injury,Moderate: Fractures (upper or lower extremity) not open,No injury,4,Admission,100%,Beesh General Hospital,Jazan health directorate
5/12/2025,,M,33,By Red crescent,,,,Blunt,85,15,18,Moderate: Simple undisplaced Skull Fracture,No injury,Moderate: Simple Pneumothorax,Moderate: Spleen laceration less than 3 cm deep,Serious: Pelvic Ring Fracture (Open Book),No injury,17,Admission,98%,Beesh General Hospital,Jazan health directorate
5/12/2025,,M,65,By Private car/walk-in,,,,Blunt,134,15,18,No injury,Minor (All Other Injuries),No injury,No injury,No injury,No injury,1,Admission,98%,King Fahd Central Hospital in Jazan,Jazan health directorate
5/12/2025,,M,95,Transferred from another hospital,5/12/25 8:18,5/12/25 9:46,1:28,Blunt,136,15,18,"Critical: Large Epidural, Subdural, or Intracerebral  Hematoma",No injury,No injury,No injury,No injury,No injury,25,Transferred to another hospital,89%,King Fahd Central Hospital in Jazan,Jazan health directorate
5/12/2025,,F,99,By Private car/walk-in,,,,Blunt,134,15,18,No injury,No injury,No injury,No injury,Moderate: Fractures (upper or lower extremity) not open,No injury,4,Admission,98%,King Fahd Central Hospital in Jazan,Jazan health directorate
5/12/2025,,M,9,By Red crescent,,,,Blunt,130,15,18,Moderate: Simple undisplaced Skull Fracture,No injury,No injury,No injury,No injury,No injury,4,Admission,100%,sabya General Hospital,Jazan health directorate
5/13/2025,,M,24,By Red crescent,,,,Penetrating,100,15,20,No injury,No injury,No injury,No injury,Moderate: Vascualr injury (upper or lower extremity) without major blood loss,No injury,4,Admission,99%,Alarda General Hospital,Jazan health directorate
5/13/2025,,M,17,By Private car/walk-in,,,,Blunt,110,15,16,No injury,No injury,No injury,No injury,Moderate: Fractures (upper or lower extremity) not open,Minor (All Other Injuries),5,Admission,100%,Alhorath General Hospital,Jazan health directorate
5/13/2025,,M,29,Transferred from another hospital,5/13/25 1:06,5/13/25 2:55,1:49,Blunt,136,15,18,No injury,No injury,No injury,Moderate: Spleen laceration less than 3 cm deep,No injury,No injury,0,Admission,100%,King Fahd Central Hospital in Jazan,Jazan health directorate
5/13/2025,,M,8,By Private car/walk-in,,,,Blunt,111,15,18,No injury,No injury,No injury,No injury,Moderate: Fractures (upper or lower extremity) not open,No injury,4,Admission,100%,King Fahd Central Hospital in Jazan,Jazan health directorate
5/13/2025,,F,5,By Private car/walk-in,,,,Blunt,102,15,19,No injury,No injury,No injury,No injury,Moderate: Fractures (upper or lower extremity) not open,No injury,4,Admission,100%,King Fahd Central Hospital in Jazan,Jazan health directorate
5/13/2025,,M,10,By Private car/walk-in,,,,Penetrating,122,15,18,No injury,No injury,No injury,No injury,Minor (All Other Injuries),No injury,1,Admission,99%,King Fahd Central Hospital in Jazan,Jazan health directorate
5/13/2025,,M,1,By Private car/walk-in,,,,Blunt,102,15,20,Minor (All Other Injuries),No injury,No injury,No injury,No injury,No injury,1,Discharged home,100%,King Fahd Central Hospital in Jazan,Jazan health directorate
5/14/2025,,M,15,By Red crescent,,,,Blunt,151,8,20,Moderate: Intra-ventricular hemorrhage or subarachnoid hemorrhage,No injury,No injury,No injury,No injury,No injury,4,Transferred to another hospital,98%,Ahd Almasarha General Hospital,Jazan health directorate
5/14/2025,,M,27,By Red crescent,,,,Blunt,140,15,18,No injury,No injury,No injury,No injury,No injury,Minor (All Other Injuries),1,Transferred to another hospital,100%,Alarda General Hospital,Jazan health directorate
5/14/2025,,M,30,By Red crescent,,,,Blunt,124,15,18,Minor (All Other Injuries),No injury,No injury,No injury,Minor (All Other Injuries),No injury,2,Admission,100%,Alarda General Hospital,Jazan health directorate
5/14/2025,,M,15,Transferred from another hospital,5/14/25 10:10,5/14/25 11:37,1:27,Penetrating,115,9,18,"Critical: Large Epidural, Subdural, or Intracerebral  Hematoma",No injury,No injury,No injury,Moderate: Fractures (upper or lower extremity) not open,No injury,29,Admission,92%,King Fahd Central Hospital in Jazan,Jazan health directorate
5/14/2025,,M,8,By Private car/walk-in,,,,Blunt,98,15,20,Minor (All Other Injuries),No injury,No injury,No injury,No injury,No injury,1,Admission,100%,King Fahd Central Hospital in Jazan,Jazan health directorate
5/14/2025,,M,42,By Private car/walk-in,,,,Blunt,123,15,18,"Moderate: Tiny Epidural, Subdural, or Intracerebral  Hematoma",No injury,No injury,No injury,No injury,No injury,4,Admission,100%,King Fahd Central Hospital in Jazan,Jazan health directorate
5/14/2025,,M,76,Transferred from another hospital,5/14/25 1:55,5/14/25 3:59,2:04,Blunt,111,11,18,"Severe: Small to Moderate Epidural, Subdural, or Intracerebral  Hematoma",No injury,No injury,No injury,No injury,No injury,16,Admission,89%,King Fahd Central Hospital in Jazan,Jazan health directorate
5/14/2025,,M,26,By Red crescent,,,,Blunt,134,15,20,No injury,No injury,No injury,Severe: Spleen injury causing devascularization of more than 25% of the spleen,No injury,No injury,16,Admission,99%,sabya General Hospital,Jazan health directorate
5/14/2025,,M,76,By Private car/walk-in,,,,Blunt,133,13,18,"Moderate: Tiny Epidural, Subdural, or Intracerebral  Hematoma",No injury,No injury,No injury,No injury,No injury,4,Transferred to another hospital,98%,sabya General Hospital,Jazan health directorate
5/15/2025,,M,21,By Red crescent,,,,Blunt,125,15,3,Critical: Major penerating injury to skull (more than 2 cm deep),Moderate: LeFort I Fracture or LeFort II Fracture,Serious: Lung contusion,No injury,Moderate: Fractures (upper or lower extremity) not open,No injury,38,Admission,88%,King Fahd Central Hospital in Jazan,Jazan health directorate
5/15/2025,,F,10,By Private car/walk-in,,,,Blunt,111,15,18,No injury,No injury,No injury,No injury,Minor (All Other Injuries),No injury,1,Discharged home,100%,King Fahd Central Hospital in Jazan,Jazan health directorate
5/15/2025,,M,31,Transferred from another hospital,5/15/25 16:15,5/15/25 17:42,1:27,Blunt,132,15,18,"Critical: Large Epidural, Subdural, or Intracerebral  Hematoma",No injury,No injury,No injury,No injury,No injury,25,Admission,98%,King Fahd Central Hospital in Jazan,Jazan health directorate
5/15/2025,,M,37,Transferred from another hospital,5/15/25 8:01,5/15/25 9:08,1:07,Penetrating,113,15,18,No injury,No injury,No injury,No injury,No injury,Moderate: 2nd or 3rd degree burns involving 10% to 19% Total Body Surface,4,Admission,99%,King Fahd Central Hospital in Jazan,Jazan health directorate
5/15/2025,,M,13,By Private car/walk-in,,,,Blunt,123,15,18,No injury,No injury,No injury,No injury,Minor (All Other Injuries),No injury,1,Discharged home,100%,King Fahd Central Hospital in Jazan,Jazan health directorate
5/15/2025,,M,1,By Private car/walk-in,,,,Blunt,99,15,22,"Moderate: Tiny Epidural, Subdural, or Intracerebral  Hematoma",No injury,No injury,No injury,No injury,No injury,4,Admission,100%,King Fahd Central Hospital in Jazan,Jazan health directorate
5/15/2025,,M,70,By Red crescent,,,,Blunt,140,15,19,No injury,Minor (All Other Injuries),No injury,No injury,Minor (All Other Injuries),No injury,2,Admission,98%,sabya General Hospital,Jazan health directorate
5/15/2025,,M,24,By Red crescent,,,,Blunt,128,10,24,Moderate: Intra-ventricular hemorrhage or subarachnoid hemorrhage,No injury,Minor (All Other Injuries),No injury,Moderate: Fractures (upper or lower extremity) not open,No injury,9,Admission,99%,sabya General Hospital,Jazan health directorate
5/16/2025,,M,77,By Red crescent,,,,Blunt,112,15,18,Minor (All Other Injuries),No injury,No injury,No injury,Minor (All Other Injuries),No injury,2,Transferred to another hospital,98%,Alarda General Hospital,Jazan health directorate
5/16/2025,,M,30,By Red crescent,,,,Penetrating,123,15,18,No injury,No injury,No injury,No injury,Serious: Open Fractures (upper or lower extremity),No injury,9,Admission,99%,King Fahd Central Hospital in Jazan,Jazan health directorate
5/16/2025,,M,1,Transferred from another hospital,5/16/25 11:04,5/16/25 12:50,1:46,Blunt,98,15,18,Minor (All Other Injuries),No injury,No injury,No injury,No injury,Minor (All Other Injuries),2,Admission,100%,King Fahd Central Hospital in Jazan,Jazan health directorate
5/16/2025,,M,19,Transferred from another hospital,5/16/25 15:05,5/16/25 16:27,1:22,Blunt,132,15,18,Severe: Open or depressed skull fracture,No injury,Moderate: Multiple rib fractures,No injury,Moderate: Fractures (upper or lower extremity) not open,No injury,24,Admission,98%,King Fahd Central Hospital in Jazan,Jazan health directorate
5/16/2025,,F,10,Transferred from another hospital,5/16/25 4:11,5/16/25 5:20,1:09,Blunt,133,15,20,Moderate: Intra-ventricular hemorrhage or subarachnoid hemorrhage,No injury,No injury,No injury,No injury,No injury,4,Admission,100%,King Fahd Central Hospital in Jazan,Jazan health directorate
5/16/2025,,M,19,Transferred from another hospital,5/16/25 6:01,5/16/25 7:41,1:40,Blunt,98,15,18,No injury,No injury,No injury,No injury,Serious: Open Fractures (upper or lower extremity),No injury,9,Admission,99%,King Fahd Central Hospital in Jazan,Jazan health directorate
5/17/2025,,M,10,By Red crescent,,,,Blunt,102,15,20,No injury,No injury,No injury,No injury,Moderate: Fractures (upper or lower extremity) not open,No injury,4,Admission,100%,Beesh General Hospital,Jazan health directorate
5/17/2025,,M,1,By Private car/walk-in,,,,Penetrating,89,15,18,No injury,No injury,No injury,No injury,No injury,Moderate: 2nd or 3rd degree burns involving 10% to 19% Total Body Surface,4,Admission,99%,King Fahd Central Hospital in Jazan,Jazan health directorate
5/17/2025,,M,77,Transferred from another hospital,5/17/25 3:20,5/17/25 4:30,1:10,Blunt,123,15,18,No injury,No injury,No injury,No injury,Moderate: Fractures (upper or lower extremity) not open,No injury,4,Admission,98%,King Fahd Central Hospital in Jazan,Jazan health directorate
5/17/2025,,M,1,By Private car/walk-in,,,,Penetrating,98,15,22,No injury,No injury,No injury,No injury,No injury,Minor (All Other Injuries),1,Admission,99%,King Fahd Central Hospital in Jazan,Jazan health directorate
5/17/2025,,F,20,Transferred from another hospital,5/17/25 11:10,5/17/25 12:19,1:09,Blunt,132,11,18,Minor (All Other Injuries),No injury,No injury,No injury,No injury,No injury,1,Admission,99%,King Fahd Central Hospital in Jazan,Jazan health directorate
5/17/2025,,M,12,By Private car/walk-in,,,,Penetrating,122,15,20,Minor (All Other Injuries),No injury,No injury,No injury,No injury,No injury,1,Admission,99%,King Fahd Central Hospital in Jazan,Jazan health directorate
5/17/2025,,F,80,Transferred from another hospital,5/17/25 15:14,5/17/25 16:56,1:42,Blunt,143,15,18,Minor (All Other Injuries),No injury,No injury,No injury,Moderate: Fractures (upper or lower extremity) not open,No injury,5,Admission,98%,King Fahd Central Hospital in Jazan,Jazan health directorate
5/17/2025,,M,43,By Red crescent,,,,Penetrating,132,15,20,No injury,No injury,Moderate: Simple Pneumothorax,No injury,No injury,No injury,4,Admission,99%,sabya General Hospital,Jazan health directorate
5/17/2025,,M,42,By Red crescent,,,,Penetrating,80,15,20,No injury,No injury,No injury,No injury,Moderate: Fractures (upper or lower extremity) not open,No injury,4,Admission,99%,sabya General Hospital,Jazan health directorate
5/18/2025,,F,42,By Red crescent,,,,Penetrating,122,15,20,No injury,No injury,Moderate: Other named vein injury,Minor (All Other Injuries),No injury,No injury,5,Admission,99%,Alarda General Hospital,Jazan health directorate
5/18/2025,,F,7,By Red crescent,,,,Blunt,87,15,20,No injury,No injury,No injury,No injury,Moderate: Fractures (upper or lower extremity) not open,No injury,4,Admission,99%,Beesh General Hospital,Jazan health directorate
5/18/2025,,M,23,By Red crescent,,,,Blunt,108,12,24,Minor (All Other Injuries),Minor (All Other Injuries),Minor (All Other Injuries),Severe: Abdominal Aortic intimal tair or laceration (incomplete with mild bleeding),Minor (All Other Injuries),Minor (All Other Injuries),18,Transferred to another hospital,97%,Damad General Hospital,Jazan health directorate
5/18/2025,,M,11,Transferred from another hospital,5/18/25 15:10,5/18/25 16:54,1:44,Penetrating,123,15,18,No injury,No injury,No injury,No injury,No injury,Minor (All Other Injuries),1,Admission,99%,King Fahd Central Hospital in Jazan,Jazan health directorate
5/18/2025,,M,25,Transferred from another hospital,5/18/25 19:05,5/18/25 20:04,0:58,Penetrating,135,15,18,No injury,No injury,No injury,No injury,Serious: Open Fractures (upper or lower extremity),No injury,9,Admission,99%,King Fahd Central Hospital in Jazan,Jazan health directorate
5/18/2025,,M,64,Transferred from another hospital,5/18/25 0:00,5/18/25 10:10,10:10,Penetrating,145,15,18,No injury,No injury,No injury,No injury,Moderate: Amputation at wrist or ankle,No injury,4,Admission,98%,King Fahd Central Hospital in Jazan,Jazan health directorate
5/18/2025,,M,16,Transferred from another hospital,5/18/25 4:10,5/18/25 5:11,1:01,Blunt,98,7,22,Serious: Small Brain Contusion,Moderate: LeFort I Fracture or LeFort II Fracture,No injury,No injury,Serious: Open Fractures (upper or lower extremity),No injury,10,Admission,95%,King Fahd Central Hospital in Jazan,Jazan health directorate
5/18/2025,,M,16,By Red crescent,,,,Blunt,138,8,24,Severe: Large Brain Contusion,No injury,Minor (All Other Injuries),No injury,Serious: Open Fractures (upper or lower extremity),No injury,10,Transferred to another hospital,95%,sabya General Hospital,Jazan health directorate
5/19/2025,,M,31,By Red crescent,,,,Blunt,106,15,20,Minor (All Other Injuries),No injury,Minor (All Other Injuries),No injury,No injury,No injury,2,Admission,100%,Alarda General Hospital,Jazan health directorate
5/19/2025,,M,53,By Private car/walk-in,,,,Penetrating,123,15,15,No injury,No injury,No injury,No injury,No injury,No injury,0,Transferred to another hospital,99%,Almwassam General Hospital,Jazan health directorate
5/19/2025,,M,7,By Private car/walk-in,,,,Penetrating,116,15,24,No injury,No injury,No injury,No injury,Serious: Open Fractures (upper or lower extremity),No injury,9,Transferred to another hospital,99%,Bani Malek General Hospital,Jazan health directorate
5/19/2025,,M,4,By Private car/walk-in,,,,Blunt,100,15,21,No injury,No injury,No injury,No injury,Moderate: Fractures (upper or lower extremity) not open,No injury,4,Admission,100%,Beesh General Hospital,Jazan health directorate
5/19/2025,,M,53,Transferred from another hospital,5/19/25 18:15,5/19/25 19:20,1:04,Blunt,142,15,18,Minor (All Other Injuries),No injury,No injury,No injury,No injury,No injury,1,Discharged home,100%,King Fahd Central Hospital in Jazan,Jazan health directorate
5/19/2025,,M,32,By Private car/walk-in,,,,Penetrating,125,15,18,No injury,No injury,No injury,No injury,Serious: Open Fractures (upper or lower extremity),No injury,9,Admission,99%,King Fahd Central Hospital in Jazan,Jazan health directorate
5/19/2025,,M,31,Transferred from another hospital,5/19/25 19:30,5/19/25 20:48,1:18,Penetrating,124,15,18,No injury,No injury,No injury,No injury,No injury,Moderate: 2nd or 3rd degree burns involving 10% to 19% Total Body Surface,4,Admission,99%,King Fahd Central Hospital in Jazan,Jazan health directorate
5/19/2025,,M,23,Transferred from another hospital,5/19/25 20:13,5/20/25 0:00,3:47,Blunt,130,15,24,No injury,No injury,No injury,"Moderate: Small bowel, Colon, or rectal injury less than 50% circumference",No injury,No injury,4,Admission,100%,sabya General Hospital,Jazan health directorate
5/20/2025,,M,14,By Red crescent,,,,Blunt,124,15,20,No injury,No injury,No injury,No injury,Moderate: Fractures (upper or lower extremity) not open,No injury,4,Admission,100%,Beesh General Hospital,Jazan health directorate
5/20/2025,,F,63,By Red crescent,,,,Blunt,128,15,20,No injury,No injury,No injury,No injury,Moderate: Fractures (upper or lower extremity) not open,No injury,4,Admission,98%,Beesh General Hospital,Jazan health directorate
5/20/2025,,M,21,Transferred from another hospital,5/20/25 8:59,5/20/25 10:01,1:01,Blunt,98,15,18,No injury,No injury,No injury,Moderate: Kidney laceration (less than 1 cm not reaching the collecting system) or small contusion,Moderate: Fractures (upper or lower extremity) not open,No injury,8,Admission,99%,King Fahd Central Hospital in Jazan,Jazan health directorate
5/20/2025,,M,25,Transferred from another hospital,5/20/25 19:05,5/20/25 20:04,0:58,Penetrating,135,15,18,No injury,No injury,No injury,No injury,Serious: Open Fractures (upper or lower extremity),No injury,9,Admission,99%,King Fahd Central Hospital in Jazan,Jazan health directorate
5/20/2025,,M,25,By Private car/walk-in,,,,Penetrating,138,15,20,No injury,No injury,Moderate: Simple Pneumothorax,No injury,No injury,No injury,4,Admission,99%,sabya General Hospital,Jazan health directorate
5/20/2025,,M,11,By Private car/walk-in,,,,Blunt,120,15,20,No injury,No injury,No injury,No injury,Moderate: Fractures (upper or lower extremity) not open,No injury,4,Admission,100%,sabya General Hospital,Jazan health directorate
5/21/2025,,M,16,By Private car/walk-in,,,,Blunt,116,14,19,Minor (All Other Injuries),No injury,No injury,No injury,No injury,No injury,1,Admission,100%,Farasan General Hospital,Jazan health directorate
5/21/2025,,M,13,By Private car/walk-in,,,,Blunt,120,15,20,No injury,No injury,No injury,No injury,Minor (All Other Injuries),No injury,1,Admission,100%,Farasan General Hospital,Jazan health directorate
5/21/2025,,M,32,Transferred from another hospital,5/21/25 11:01,5/21/25 12:26,1:25,Penetrating,123,15,20,No injury,No injury,Minor (All Other Injuries),No injury,No injury,No injury,1,Admission,99%,King Fahd Central Hospital in Jazan,Jazan health directorate
5/21/2025,,F,2,By Private car/walk-in,,,,Penetrating,97,15,20,No injury,No injury,No injury,No injury,Moderate: Amputation at wrist or ankle,No injury,4,Admission,99%,King Fahd Central Hospital in Jazan,Jazan health directorate
5/21/2025,,M,33,Transferred from another hospital,5/21/25 20:01,5/21/25 21:07,1:06,Penetrating,135,15,18,No injury,No injury,No injury,No injury,Serious: Open Fractures (upper or lower extremity),No injury,9,Admission,99%,King Fahd Central Hospital in Jazan,Jazan health directorate
5/21/2025,,M,25,By Red crescent,,,,Penetrating,130,15,19,Moderate: Penetrating Neck Injury with tissue loss,No injury,No injury,No injury,No injury,No injury,4,Admission,99%,sabya General Hospital,Jazan health directorate
5/22/2025,,M,30,By Red crescent,,,,Blunt,177,15,20,Minor (All Other Injuries),Minor (All Other Injuries),No injury,No injury,No injury,No injury,2,Admission,100%,Aldarb General Hospital,Jazan health directorate
5/22/2025,,M,31,By Red crescent,,,,Blunt,128,15,20,No injury,No injury,No injury,No injury,Moderate: Fractures (upper or lower extremity) not open,No injury,4,Admission,100%,Beesh General Hospital,Jazan health directorate
5/22/2025,,M,59,By Private car/walk-in,,,,Blunt,107,8,35,"Severe: Small to Moderate Epidural, Subdural, or Intracerebral  Hematoma",Minor (All Other Injuries),Serious: Lung contusion,No injury,Minor (All Other Injuries),No injury,26,Admission,56%,Farasan General Hospital,Jazan health directorate
5/22/2025,,M,2,Transferred from another hospital,5/22/25 10:55,5/22/25 12:02,1:07,Penetrating,97,15,20,No injury,No injury,No injury,No injury,No injury,Serious: 2nd or 3rd degree burns involving 20% to 29% Total Body Surface,9,Admission,99%,King Fahd Central Hospital in Jazan,Jazan health directorate
5/22/2025,,M,30,By Private car/walk-in,,,,Penetrating,124,15,18,No injury,No injury,No injury,No injury,Minor (All Other Injuries),No injury,1,Admission,99%,King Fahd Central Hospital in Jazan,Jazan health directorate
5/22/2025,,M,21,Transferred from another hospital,5/22/25 17:55,5/22/25 20:01,2:06,Penetrating,132,15,18,Minor (All Other Injuries),No injury,No injury,No injury,No injury,No injury,1,Transferred to another hospital,99%,King Fahd Central Hospital in Jazan,Jazan health directorate
5/22/2025,,F,43,Transferred from another hospital,5/22/25 22:00,5/22/25 23:00,1:00,Penetrating,123,15,18,No injury,No injury,No injury,Minor (All Other Injuries),No injury,No injury,1,Transferred to another hospital,99%,King Fahd Central Hospital in Jazan,Jazan health directorate
5/23/2025,,M,24,By Red crescent,,,,Blunt,157,15,18,No injury,No injury,No injury,No injury,Minor (All Other Injuries),No injury,1,Admission,100%,King Fahd Central Hospital in Jazan,Jazan health directorate
5/23/2025,,M,20,Transferred from another hospital,5/23/25 1:23,5/23/25 3:47,2:24,Blunt,127,15,18,No injury,Moderate: LeFort I Fracture or LeFort II Fracture,No injury,No injury,Moderate: Fractures (upper or lower extremity) not open,No injury,8,Admission,99%,King Fahd Central Hospital in Jazan,Jazan health directorate
5/23/2025,,F,8,By Red crescent,,,,Blunt,115,13,29,Minor (All Other Injuries),Minor (All Other Injuries),No injury,Minor (All Other Injuries),No injury,No injury,3,Transferred to another hospital,100%,Prince Mohamed Bin Nasser Hospital,Jazan health directorate
5/23/2025,,F,7,By Red crescent,,,,Blunt,105,13,22,Serious: Small Brain Contusion,Minor (All Other Injuries),No injury,No injury,No injury,No injury,10,Transferred to another hospital,95%,Prince Mohamed Bin Nasser Hospital,Jazan health directorate
5/23/2025,,F,7,By Red crescent,,,,Blunt,105,13,28,Minor (All Other Injuries),Minor (All Other Injuries),No injury,No injury,No injury,No injury,2,Transferred to another hospital,100%,Prince Mohamed Bin Nasser Hospital,Jazan health directorate
5/24/2025,,M,3,By Private car/walk-in,,,,Blunt,116,15,36,No injury,No injury,No injury,No injury,No injury,No injury,0,Discharged home,100%,Bani Malek General Hospital,Jazan health directorate
5/24/2025,,M,13,By Private car/walk-in,,,,Penetrating,117,15,20,No injury,No injury,No injury,No injury,No injury,No injury,0,Discharged home,99%,Bani Malek General Hospital,Jazan health directorate
5/24/2025,,M,17,By Private car/walk-in,,,,Blunt,121,15,20,No injury,No injury,No injury,No injury,No injury,No injury,0,Discharged home,100%,Bani Malek General Hospital,Jazan health directorate
5/24/2025,,F,7,Transferred from another hospital,5/24/25 10:27,5/24/25 12:26,1:59,Blunt,108,15,20,Moderate: Simple undisplaced Skull Fracture,No injury,No injury,No injury,Moderate: Fractures (upper or lower extremity) not open,No injury,8,Admission,99%,King Fahd Central Hospital in Jazan,Jazan health directorate
5/24/2025,,M,2,By Private car/walk-in,,,,Blunt,111,15,24,"Moderate: Tiny Epidural, Subdural, or Intracerebral  Hematoma",No injury,No injury,No injury,No injury,No injury,4,Admission,100%,sabya General Hospital,Jazan health directorate
5/25/2025,,M,29,By Private car/walk-in,,,,Penetrating,96,15,20,No injury,No injury,Moderate: Other named vein injury,No injury,No injury,No injury,4,Admission,99%,Alarda General Hospital,Jazan health directorate
5/25/2025,,M,13,By Red crescent,,,,Blunt,100,15,18,No injury,No injury,No injury,No injury,Moderate: Fractures (upper or lower extremity) not open,No injury,4,Admission,100%,Beesh General Hospital,Jazan health directorate
5/25/2025,,M,27,Transferred from another hospital,5/25/25 1:27,5/25/25 3:54,2:27,Penetrating,144,15,18,No injury,No injury,No injury,No injury,Minor (All Other Injuries),No injury,1,Admission,99%,King Fahd Central Hospital in Jazan,Jazan health directorate
5/25/2025,,M,1,By Private car/walk-in,,,,Penetrating,97,15,18,No injury,No injury,No injury,No injury,No injury,Moderate: 2nd or 3rd degree burns involving 10% to 19% Total Body Surface,4,Admission,99%,King Fahd Central Hospital in Jazan,Jazan health directorate
5/25/2025,,M,41,Transferred from another hospital,5/25/25 14:05,5/25/25 16:23,2:18,Penetrating,134,15,18,No injury,No injury,No injury,No injury,No injury,Moderate: 2nd or 3rd degree burns involving 10% to 19% Total Body Surface,4,Admission,99%,King Fahd Central Hospital in Jazan,Jazan health directorate
5/25/2025,,M,7,Transferred from another hospital,5/25/25 18:39,5/25/25 20:49,2:10,Penetrating,123,15,18,Moderate: Simple undisplaced Skull Fracture,No injury,No injury,No injury,No injury,No injury,4,Transferred to another hospital,99%,King Fahd Central Hospital in Jazan,Jazan health directorate
5/25/2025,,M,45,By Private car/walk-in,,,,Blunt,129,15,18,No injury,No injury,No injury,No injury,Moderate: Fractures (upper or lower extremity) not open,No injury,4,Admission,100%,sabya General Hospital,Jazan health directorate
5/25/2025,,M,42,By Red crescent,,,,Blunt,136,15,19,No injury,No injury,No injury,No injury,Moderate: Fractures (upper or lower extremity) not open,No injury,4,Admission,100%,sabya General Hospital,Jazan health directorate
5/25/2025,,M,6,By Private car/walk-in,,,,Blunt,97,15,28,Minor (All Other Injuries),No injury,No injury,No injury,No injury,No injury,1,Admission,100%,sabya General Hospital,Jazan health directorate
5/26/2025,,M,43,By Private car/walk-in,,,,Blunt,132,15,20,No injury,No injury,No injury,No injury,Moderate: Fractures (upper or lower extremity) not open,No injury,4,Admission,100%,Beesh General Hospital,Jazan health directorate
5/26/2025,,M,24,By Red crescent,,,,Blunt,119,15,20,No injury,No injury,No injury,No injury,Serious: Open Fractures (upper or lower extremity),No injury,9,Transferred to another hospital,99%,Samtah General Hospital,Jazan health directorate
5/27/2025,,M,11,By Red crescent,,,,Blunt,100,15,20,No injury,No injury,No injury,No injury,Moderate: Fractures (upper or lower extremity) not open,No injury,4,Admission,100%,Beesh General Hospital,Jazan health directorate
5/27/2025,,M,18,By Red crescent,,,,Blunt,130,15,19,No injury,No injury,No injury,No injury,Moderate: Fractures (upper or lower extremity) not open,No injury,4,Admission,100%,Beesh General Hospital,Jazan health directorate
5/27/2025,,M,22,Transferred from another hospital,5/27/25 8:01,5/27/25 9:04,1:03,Blunt,132,15,18,No injury,No injury,No injury,No injury,Moderate: Fractures (upper or lower extremity) not open,No injury,4,Admission,100%,King Fahd Central Hospital in Jazan,Jazan health directorate
5/27/2025,,M,38,Transferred from another hospital,5/27/25 6:56,5/27/25 8:01,1:04,Penetrating,156,15,18,No injury,No injury,No injury,No injury,No injury,Critical: 2nd or 3rd degree burns involving 40% to 90% Total Body Surface,25,Admission,97%,King Fahd Central Hospital in Jazan,Jazan health directorate
5/28/2025,,M,17,By Private car/walk-in,,,,Blunt,120,15,20,No injury,No injury,Minor (All Other Injuries),No injury,No injury,Minor (All Other Injuries),2,Admission,100%,Alarda General Hospital,Jazan health directorate
5/28/2025,,M,15,By Red crescent,,,,Blunt,75,3,20,"Critical: Large Epidural, Subdural, or Intracerebral  Hematoma",Moderate: LeFort I Fracture or LeFort II Fracture,Serious: Lung contusion,Minor (All Other Injuries),Moderate: Fractures (upper or lower extremity) not open,No injury,38,Admission,18%,King Fahd Central Hospital in Jazan,Jazan health directorate
5/28/2025,,M,17,Transferred from another hospital,5/28/25 10:59,5/28/25 12:17,1:18,Penetrating,92,3,20,Severe: Large Brain Contusion,Moderate: LeFort I Fracture or LeFort II Fracture,Moderate: Simple Pneumothorax,Minor (All Other Injuries),Minor (All Other Injuries),Minor (All Other Injuries),10,Admission,95%,King Fahd Central Hospital in Jazan,Jazan health directorate
5/29/2025,,M,15,By Red crescent,,,,Blunt,154,4,22,Severe: Large Brain Contusion,Moderate: Penetrating face injury tissue loss,Minor (All Other Injuries),No injury,Minor (All Other Injuries),Minor (All Other Injuries),10,Transferred to another hospital,95%,Alarda General Hospital,Jazan health directorate
5/29/2025,,M,21,By Red crescent,,,,Blunt,131,15,20,No injury,No injury,No injury,No injury,Moderate: Fractures (upper or lower extremity) not open,No injury,4,Admission,100%,Beesh General Hospital,Jazan health directorate
5/29/2025,,M,14,By Private car/walk-in,,,,Blunt,129,15,20,No injury,No injury,No injury,No injury,Moderate: Fractures (upper or lower extremity) not open,No injury,4,Admission,100%,Beesh General Hospital,Jazan health directorate
5/29/2025,,M,22,Transferred from another hospital,5/29/25 12:56,5/29/25 14:00,1:04,Penetrating,124,7,22,No injury,No injury,No injury,Moderate: Spleen laceration less than 3 cm deep,Serious: Open Fractures (upper or lower extremity),No injury,9,Admission,94%,King Fahd Central Hospital in Jazan,Jazan health directorate
5/29/2025,,M,10,By Private car/walk-in,,,,Blunt,123,15,18,No injury,No injury,No injury,No injury,Moderate: Fractures (upper or lower extremity) not open,No injury,4,Admission,100%,King Fahd Central Hospital in Jazan,Jazan health directorate
5/29/2025,,M,16,By Private car/walk-in,,,,Blunt,132,15,21,No injury,No injury,No injury,No injury,Moderate: Fractures (upper or lower extremity) not open,No injury,4,Admission,100%,sabya General Hospital,Jazan health directorate
5/29/2025,,M,17,By Private car/walk-in,,,,Blunt,111,15,20,No injury,No injury,No injury,No injury,Moderate: Fractures (upper or lower extremity) not open,No injury,4,Admission,100%,sabya General Hospital,Jazan health directorate
5/29/2025,,M,15,By Private car/walk-in,,,,Blunt,121,15,19,No injury,No injury,No injury,No injury,Moderate: Fractures (upper or lower extremity) not open,No injury,4,Admission,100%,sabya General Hospital,Jazan health directorate
5/29/2025,,M,18,By Private car/walk-in,,,,Blunt,110,15,20,No injury,No injury,No injury,No injury,Moderate: Fractures (upper or lower extremity) not open,No injury,4,Admission,100%,sabya General Hospital,Jazan health directorate
5/30/2025,,F,8,Transferred from another hospital,5/30/25 1:20,5/30/25 2:30,1:10,Blunt,111,15,20,"Moderate: Tiny Epidural, Subdural, or Intracerebral  Hematoma",Minor (All Other Injuries),No injury,No injury,No injury,No injury,5,Admission,100%,King Fahd Central Hospital in Jazan,Jazan health directorate
5/30/2025,,M,3,Transferred from another hospital,5/30/25 8:22,5/30/25 9:31,1:09,Penetrating,98,15,20,No injury,No injury,No injury,No injury,No injury,Minor (All Other Injuries),1,Admission,99%,King Fahd Central Hospital in Jazan,Jazan health directorate
5/31/2025,,M,2,Transferred from another hospital,5/31/25 1:57,5/31/25 3:54,1:57,Penetrating,97,15,18,No injury,No injury,No injury,No injury,Moderate: Amputation at wrist or ankle,No injury,4,Admission,99%,King Fahd Central Hospital in Jazan,Jazan health directorate
6/1/2025,,M,24,By Red crescent, , , ,Blunt,121,15,19,No injury,No injury,No injury,No injury,Moderate: Fractures (upper or lower extremity) not open,No injury,4,Admission,100%,sabya General Hospital,Jazan health directorate
6/1/2025,,M,30,Transferred from another hospital,6/1/25 4:30,6/1/25 6:00,1:30,Penetrating,136,15,24,No injury,No injury,No injury,"Moderate: Small bowel, Colon, or rectal injury less than 50% circumference",Moderate: Fractures (upper or lower extremity) not open,No injury,8,Admission,99%,sabya General Hospital,Jazan health directorate
6/1/2025,,M,4,By Red crescent, , , ,Blunt,120,15,20,No injury,No injury,No injury,No injury,Moderate: Fractures (upper or lower extremity) not open,No injury,4,Admission,100%,sabya General Hospital,Jazan health directorate
6/2/2025,,F,12,By Private car/walk-in, , , ,Blunt,96,15,20,No injury,No injury,No injury,No injury,Moderate: Fractures (upper or lower extremity) not open,No injury,4,Admission,100%,Beesh General Hospital,Jazan health directorate
6/3/2025,,F,60,By Red crescent, , , ,Blunt,144,15,20,No injury,No injury,No injury,No injury,Moderate: Fractures (upper or lower extremity) not open,No injury,4,Admission,98%,Beesh General Hospital,Jazan health directorate
6/3/2025,,F,46,By Private car/walk-in, , , ,Blunt,123,15,20,No injury,No injury,No injury,No injury,Moderate: Fractures (upper or lower extremity) not open,No injury,4,Admission,100%,sabya General Hospital,Jazan health directorate
6/3/2025,,F,32,By Private car/walk-in, , , ,Blunt,130,15,19,No injury,No injury,No injury,No injury,No injury,Serious: 2nd or 3rd degree burns involving 20% to 29% Total Body Surface,9,Transferred to another hospital,99%,sabya General Hospital,Jazan health directorate
6/3/2025,,M,9,By Private car/walk-in, , , ,Blunt,110,15,20,No injury,No injury,No injury,Moderate: Spleen laceration less than 3 cm deep ,No injury,No injury,4,Transferred to another hospital,100%,sabya General Hospital,Jazan health directorate
6/4/2025,,M,2,By Private car/walk-in, , , ,Penetrating,92,15,15,No injury,No injury,No injury,No injury,No injury,No injury,0,Admission,99%,Almwassam General Hospital,Jazan health directorate
6/4/2025,,M,21,By Red crescent, , , ,Blunt,112,15,20,No injury,No injury,No injury,Serious: Kidney laceration (more than 1 cm not reaching the collecting system) or large contusion,No injury,No injury,9,Admission,99%,Beesh General Hospital,Jazan health directorate
6/5/2025,,M,64,By Private car/walk-in, , , ,Blunt,124,15,20,No injury,No injury,No injury,No injury,Moderate: Fractures (upper or lower extremity) not open,No injury,4,Admission,98%,sabya General Hospital,Jazan health directorate
6/6/2025,,M,13,By Red crescent, , , ,Blunt,103,15,21,Minor (All Other Injuries),No injury,No injury,No injury,Moderate: Fractures (upper or lower extremity) not open,No injury,5,Admission,100%,sabya General Hospital,Jazan health directorate
6/6/2025,,M,37,By Red crescent, , , ,Penetrating,136,15,21,No injury,No injury,Severe: Pneumothorax (50% lung collapse on x-ray),Minor (All Other Injuries),No injury,No injury,17,Transferred to another hospital,98%,sabya General Hospital,Jazan health directorate
6/6/2025,,M,6,By Private car/walk-in, , , ,Blunt,110,15,20,No injury,No injury,No injury,No injury,Moderate: Fractures (upper or lower extremity) not open,No injury,4,Admission,100%,sabya General Hospital,Jazan health directorate
6/8/2025,,M,20,By Red crescent, , , ,Blunt,123,15,19,Minor (All Other Injuries),No injury,No injury,No injury,Minor (All Other Injuries),No injury,2,Admission,100%,Alarda General Hospital,Jazan health directorate
6/8/2025,,M,14,By Private car/walk-in, , , ,Blunt,100,15,20,No injury,No injury,No injury,No injury,Moderate: Fractures (upper or lower extremity) not open,No injury,4,Admission,100%,Beesh General Hospital,Jazan health directorate
6/8/2025,,M,20,By Red crescent, , , ,Penetrating,126,15,24,No injury,No injury,No injury,No injury,Minor (All Other Injuries),No injury,1,Admission,99%,Jazan General Hospital,Jazan health directorate
6/8/2025,,M,23,By Red crescent, , , ,Penetrating,122,15,21,No injury,No injury,No injury,No injury,Minor (All Other Injuries),No injury,1,Discharged home,99%,Jazan General Hospital,Jazan health directorate
6/8/2025,,M,21,By Red crescent, , , ,Penetrating,128,15,22,No injury,No injury,No injury,No injury,Minor (All Other Injuries),No injury,1,Admission,99%,Jazan General Hospital,Jazan health directorate
6/9/2025,,M,23,Transferred from another hospital,6/9/25 14:00,6/9/25 16:00,2:00,Blunt,136,15,20,Minor (All Other Injuries),Minor (All Other Injuries),No injury,No injury,Moderate: Fractures (upper or lower extremity) not open,No injury,6,Transferred to another hospital,100%,sabya General Hospital,Jazan health directorate
6/10/2025,,M,25,By Private car/walk-in, , , ,Blunt,86,15,20,No injury,Minor (All Other Injuries),Serious: Hemothorax,No injury,Moderate: Fractures (upper or lower extremity) not open,No injury,14,Admission,98%,Beesh General Hospital,Jazan health directorate
6/10/2025,,M,16,By Private car/walk-in, , , ,Penetrating,124,15,18,No injury,No injury,No injury,No injury,Minor (All Other Injuries),No injury,1,Admission,99%,King Fahd Central Hospital in Jazan,Jazan health directorate
6/10/2025,,M,14,By Private car/walk-in, , , ,Penetrating,124,15,18,No injury,No injury,No injury,No injury,No injury,Minor (All Other Injuries),1,Admission,99%,King Fahd Central Hospital in Jazan,Jazan health directorate
6/10/2025,,M,41,By Red crescent, , , ,Blunt,112,7,20,"Severe: Small to Moderate Epidural, Subdural, or Intracerebral  Hematoma",Minor (All Other Injuries),No injury,No injury,Moderate: Fractures (upper or lower extremity) not open,No injury,21,Admission,93%,King Fahd Central Hospital in Jazan,Jazan health directorate
6/10/2025,,M,20,By Red crescent, , , ,Blunt,120,15,19,No injury,No injury,No injury,No injury,Moderate: Fractures (upper or lower extremity) not open,No injury,4,Transferred to another hospital,100%,sabya General Hospital,Jazan health directorate
6/11/2025,,M,19,Transferred from another hospital,6/11/25 11:00,6/11/25 12:45,1:45,Blunt,108,3,20,Severe: Large Brain Contusion ,No injury,No injury,No injury,No injury,No injury,16,Admission,98%,King Fahd Central Hospital in Jazan,Jazan health directorate
6/11/2025,,M,25,Transferred from another hospital,6/11/25 13:01,6/11/25 14:02,1:01,Blunt,142,7,18,"Severe: Small to Moderate Epidural, Subdural, or Intracerebral  Hematoma",No injury,Serious: Lung contusion,No injury,No injury,No injury,25,Admission,91%,King Fahd Central Hospital in Jazan,Jazan health directorate
6/11/2025,,M,26,By Red crescent, , , ,Blunt,124,15,20,No injury,No injury,No injury,No injury,Minor (All Other Injuries),No injury,1,Admission,100%,King Fahd Central Hospital in Jazan,Jazan health directorate
6/11/2025,,M,19,Transferred from another hospital,6/11/25 12:05,6/11/25 13:06,1:01,Blunt,104,15,18,"Severe: Small to Moderate Epidural, Subdural, or Intracerebral  Hematoma",No injury,No injury,No injury,No injury,No injury,16,Admission,99%,King Fahd Central Hospital in Jazan,Jazan health directorate
6/12/2025,,M,14,By Private car/walk-in, , , ,Penetrating,115,15,20,No injury,No injury,No injury,Serious: Abdominal named artery or vein intimal tair or laceration (incomplete with mild bleeding),No injury,No injury,9,Admission,99%,Alarda General Hospital,Jazan health directorate
6/12/2025,,M,23,Transferred from another hospital,6/12/25 5:09,6/12/25 6:12,1:03,Penetrating,124,15,18,No injury,No injury,No injury,No injury,No injury,Moderate: 2nd or 3rd degree burns involving 10% to 19% Total Body Surface,4,Admission,99%,King Fahd Central Hospital in Jazan,Jazan health directorate
6/12/2025,,M,17,By Private car/walk-in, , , ,Penetrating,132,15,18,No injury,No injury,No injury,No injury,Moderate: Fractures (upper or lower extremity) not open,No injury,4,Admission,99%,King Fahd Central Hospital in Jazan,Jazan health directorate
6/12/2025,,M,25,Transferred from another hospital,6/12/25 8:40,6/12/25 9:42,1:01,Penetrating,121,15,20,No injury,No injury,Minor (All Other Injuries),No injury,No injury,No injury,1,Admission,99%,King Fahd Central Hospital in Jazan,Jazan health directorate
6/12/2025,,M,55,Transferred from another hospital,6/12/25 11:00,6/12/25 12:00,1:00,Blunt,112,15,18,No injury,Moderate: LeFort I Fracture or LeFort II Fracture,No injury,No injury,Minor (All Other Injuries),No injury,5,Transferred to another hospital,95%,King Fahd Central Hospital in Jazan,Jazan health directorate
6/13/2025,,M,18,By Private car/walk-in, , , ,Blunt,117,15,20,No injury,No injury,No injury,No injury,Moderate: Fractures (upper or lower extremity) not open,No injury,4,Admission,100%,Beesh General Hospital,Jazan health directorate
6/13/2025,,M,23,By Red crescent, , , ,Blunt,131,15,20,No injury,No injury,Moderate: Simple Pneumothorax,No injury,No injury,No injury,4,Admission,100%,Beesh General Hospital,Jazan health directorate
6/13/2025,,M,9,By Red crescent, , , ,Blunt,98,15,20,"Moderate: Tiny Epidural, Subdural, or Intracerebral  Hematoma",No injury,No injury,No injury,No injury,No injury,4,Admission,100%,Beesh General Hospital,Jazan health directorate
6/13/2025,,M,11,By Private car/walk-in, , , ,Blunt,124,15,18,No injury,No injury,No injury,No injury,Moderate: Fractures (upper or lower extremity) not open,No injury,4,Admission,100%,King Fahd Central Hospital in Jazan,Jazan health directorate
6/13/2025,,M,69,By Private car/walk-in, , , ,Blunt,134,15,18,No injury,No injury,No injury,No injury,Minor (All Other Injuries),No injury,1,Admission,98%,King Fahd Central Hospital in Jazan,Jazan health directorate
6/13/2025,,M,22,Transferred from another hospital,6/13/25 2:50,6/13/25 3:54,1:04,Blunt,109,3,20,"Critical: Brain stem compression, herniation, infarction, or injury)",Minor (All Other Injuries),No injury,No injury,No injury,No injury,26,Transferred to another hospital,67%,King Fahd Central Hospital in Jazan,Jazan health directorate
6/13/2025,,M,29,Transferred from another hospital,6/13/25 2:40,6/13/25 3:57,1:16,Blunt,102,13,18,"Severe: Small to Moderate Epidural, Subdural, or Intracerebral  Hematoma",No injury,No injury,No injury,Moderate: Fractures (upper or lower extremity) not open,No injury,20,Admission,99%,King Fahd Central Hospital in Jazan,Jazan health directorate
6/13/2025,,F,7,By Private car/walk-in, , , ,Penetrating,98,15,22,Minor (All Other Injuries),No injury,No injury,No injury,No injury,Minor (All Other Injuries),2,Admission,99%,King Fahd Central Hospital in Jazan,Jazan health directorate
6/13/2025,,M,19,Transferred from another hospital,6/13/25 10:30,6/13/25 11:36,1:06,Blunt,124,15,18,No injury,No injury,Moderate: Pneumomeiastinum,No injury,No injury,No injury,4,Admission,100%,King Fahd Central Hospital in Jazan,Jazan health directorate
6/13/2025,,F,2,By Private car/walk-in, , , ,Penetrating,98,15,20,No injury,No injury,No injury,No injury,No injury,Unsurvivable: 2nd or 3rd degree burns involving more than 90% Total Body Surface,75,Admission,59%,King Fahd Central Hospital in Jazan,Jazan health directorate
6/13/2025,,M,22,Transferred from another hospital,6/13/25 17:33,6/13/25 18:42,1:09,Blunt,101,8,20,Serious: Small Brain Contusion ,No injury,No injury,No injury,Moderate: Fractures (upper or lower extremity) not open,No injury,13,Transferred to another hospital,85%,King Fahd Central Hospital in Jazan,Jazan health directorate
6/13/2025,,F,57,Transferred from another hospital,6/13/25 12:05,6/13/25 13:59,1:54,Penetrating,132,15,18,No injury,No injury,No injury,No injury,Minor (All Other Injuries),No injury,1,Admission,98%,King Fahd Central Hospital in Jazan,Jazan health directorate
6/13/2025,,F,45,By Red crescent, , , ,Blunt,80,5,22,"Severe: Small to Moderate Epidural, Subdural, or Intracerebral  Hematoma",No injury,Severe: Pneumothorax (50% lung collapse on x-ray),No injury,Moderate: Fractures (upper or lower extremity) not open,No injury,36,Admission,50%,sabya General Hospital,Jazan health directorate
6/13/2025,,M,25,By Red crescent, , , ,Blunt,120,15,19,Minor (All Other Injuries),No injury,No injury,No injury,No injury,No injury,1,Admission,100%,sabya General Hospital,Jazan health directorate
6/14/2025,,M,23,By Private car/walk-in, , , ,Blunt,109,15,20,No injury,No injury,No injury,No injury,Moderate: Fractures (upper or lower extremity) not open,No injury,4,Admission,100%,Beesh General Hospital,Jazan health directorate
6/14/2025,,M,12,By Red crescent, , , ,Blunt,127,15,20,Minor (All Other Injuries),No injury,No injury,No injury,Minor (All Other Injuries),No injury,2,Admission,100%,Farasan General Hospital,Jazan health directorate
6/14/2025,,M,12,By Private car/walk-in, , , ,Blunt,106,15,18,No injury,Minor (All Other Injuries),No injury,No injury,No injury,No injury,1,Admission,100%,King Fahd Central Hospital in Jazan,Jazan health directorate
6/15/2025,,M,4,By Private car/walk-in, , , ,Penetrating,96,15,15,No injury,No injury,No injury,No injury,No injury,No injury,0,Admission,99%,Almwassam General Hospital,Jazan health directorate
6/15/2025,,M,8,By Private car/walk-in, , , ,Blunt,129,15,24,Minor (All Other Injuries),No injury,No injury,No injury,No injury,No injury,1,Admission,100%,Farasan General Hospital,Jazan health directorate
6/15/2025,,F,1,By Private car/walk-in, , , ,Penetrating,98,15,22,No injury,No injury,No injury,No injury,No injury,Minor (All Other Injuries),1,Admission,99%,King Fahd Central Hospital in Jazan,Jazan health directorate
6/15/2025,,F,7,Transferred from another hospital,6/15/25 0:00,6/15/25 1:32,1:31,Penetrating,108,15,20,No injury,No injury,No injury,No injury,No injury,Moderate: 2nd or 3rd degree burns involving 10% to 19% Total Body Surface,4,Admission,99%,King Fahd Central Hospital in Jazan,Jazan health directorate
6/15/2025,,M,53,By Red crescent, , , ,Blunt,124,15,19,No injury,No injury,No injury,No injury,Moderate: Fractures (upper or lower extremity) not open,No injury,4,Admission,100%,sabya General Hospital,Jazan health directorate
6/16/2025,,M,23,By Red crescent, , , ,Blunt,116,15,20,No injury,No injury,Moderate: Multiple rib fractures,No injury,Minor (All Other Injuries),No injury,5,Admission,100%,Alarda General Hospital,Jazan health directorate
6/16/2025,,M,24,By Red crescent, , , ,Blunt,136,15,18,No injury,No injury,No injury,No injury,Moderate: Fractures (upper or lower extremity) not open,No injury,4,Admission,100%,Beesh General Hospital,Jazan health directorate
6/16/2025,,F,12,By Private car/walk-in, , , ,Blunt,123,15,18,No injury,No injury,No injury,No injury,Moderate: Fractures (upper or lower extremity) not open,No injury,4,Admission,100%,King Fahd Central Hospital in Jazan,Jazan health directorate
6/16/2025,,F,43,Transferred from another hospital,6/16/25 1:00,6/16/25 2:05,1:04,Penetrating,135,15,18,No injury,No injury,No injury,No injury,No injury,Minor (All Other Injuries),1,Discharged home,99%,King Fahd Central Hospital in Jazan,Jazan health directorate
6/18/2025,,M,22,By Private car/walk-in, , , ,Penetrating,125,15,19,No injury,No injury,No injury,No injury,Minor (All Other Injuries),No injury,1,Discharged home,99%,Jazan General Hospital,Jazan health directorate
6/18/2025,,M,28,By Red crescent, , , ,Penetrating,135,15,20,No injury,No injury,Minor (All Other Injuries),No injury,Minor (All Other Injuries),No injury,2,Admission,99%,sabya General Hospital,Jazan health directorate
6/18/2025,,M,25,By Red crescent, , , ,Blunt,120,15,19,No injury,No injury,No injury,No injury,Moderate: Fractures (upper or lower extremity) not open,No injury,4,Admission,100%,sabya General Hospital,Jazan health directorate
6/18/2025,,M,26,By Red crescent, , , ,Blunt,133,15,20,No injury,No injury,No injury,No injury,Moderate: Fractures (upper or lower extremity) not open,No injury,4,Admission,100%,sabya General Hospital,Jazan health directorate
6/18/2025,,M,36,By Red crescent, , , ,Blunt,111,15,19,Minor (All Other Injuries),No injury,Minor (All Other Injuries),No injury,Minor (All Other Injuries),No injury,3,DAMA,100%,sabya General Hospital,Jazan health directorate
6/19/2025,,M,18,By Red crescent, , , ,Blunt,115,15,20,Minor (All Other Injuries),Minor (All Other Injuries),No injury,No injury,No injury,No injury,2,Discharged home,100%,Alarda General Hospital,Jazan health directorate
6/19/2025,,M,40,By Red crescent, , , ,Blunt,76,3,9,Minor (All Other Injuries),No injury,Serious: Rib fractures with flial chest,Minor (All Other Injuries),Serious: Open Fractures (upper or lower extremity),No injury,19,Death in ED,55%,Alarda General Hospital,Jazan health directorate
6/19/2025,,M,30,By Private car/walk-in, , , ,Penetrating,123,15,15,No injury,No injury,No injury,No injury,Moderate: Fractures (upper or lower extremity) not open,No injury,4,Transferred to another hospital,99%,Almwassam General Hospital,Jazan health directorate
6/19/2025,,M,15,By Private car/walk-in, , , ,Blunt,112,15,18,No injury,No injury,No injury,No injury,Moderate: Fractures (upper or lower extremity) not open,No injury,4,Admission,100%,Beesh General Hospital,Jazan health directorate
6/19/2025,,F,9,By Red crescent, , , ,Blunt,93,15,22,"Moderate: Tiny Epidural, Subdural, or Intracerebral  Hematoma",No injury,No injury,No injury,No injury,No injury,4,Transferred to another hospital,100%,Samtah General Hospital,Jazan health directorate
6/19/2025,,F,43,By Red crescent, , , ,Blunt,95,7,22,No injury,No injury,No injury,No injury,Serious: Compartment syndrome (upper or lower extremity) with muscle loss,No injury,9,Transferred to another hospital,97%,Samtah General Hospital,Jazan health directorate
6/21/2025,,M,21,By Red crescent, , , ,Blunt,112,15,22,No injury,No injury,No injury,No injury,Serious: Pelvic Ring Fracture (Open Book),No injury,9,Transferred to another hospital,100%,Ahd Almasarha General Hospital,Jazan health directorate
6/21/2025,,M,20,By Private car/walk-in, , , ,Blunt,120,15,20,No injury,No injury,No injury,No injury,Minor (All Other Injuries),No injury,1,Admission,100%,Beesh General Hospital,Jazan health directorate
6/21/2025,,F,60,By Red crescent, , , ,Blunt,140,15,20,No injury,No injury,No injury,No injury,Moderate: Fractures (upper or lower extremity) not open,No injury,4,Admission,98%,Beesh General Hospital,Jazan health directorate
6/21/2025,,M,83,By Red crescent, , , ,Blunt,71,15,20,No injury,No injury,No injury,No injury,Moderate: Fractures (upper or lower extremity) not open,No injury,4,Admission,93%,Beesh General Hospital,Jazan health directorate
6/21/2025,,M,10,By Red crescent, , , ,Blunt,110,15,21,No injury,No injury,No injury,No injury,Moderate: Fractures (upper or lower extremity) not open,No injury,4,Admission,100%,sabya General Hospital,Jazan health directorate
6/22/2025,,M,10,By Private car/walk-in, , , ,Blunt,96,15,15,Serious: Mild Brain Edema (Compressed ventricles without brain stem cisterns),No injury,No injury,No injury,No injury,No injury,9,Transferred to another hospital,99%,Almwassam General Hospital,Jazan health directorate
6/22/2025,,M,1,By Red crescent, , , ,Blunt,90,15,20,No injury,No injury,No injury,No injury,Minor (All Other Injuries),No injury,1,Admission,100%,Beesh General Hospital,Jazan health directorate
6/22/2025,,M,26,By Red crescent, , , ,Penetrating,132,15,19,No injury,No injury,No injury,No injury,Moderate: Fractures (upper or lower extremity) not open,No injury,4,Admission,99%,sabya General Hospital,Jazan health directorate
6/23/2025,,M,36,By Red crescent, , , ,Blunt,100,15,19,No injury,No injury,No injury,No injury,Minor (All Other Injuries),No injury,1,Transferred to another hospital,100%,Beesh General Hospital,Jazan health directorate
6/23/2025,,M,30,By Red crescent, , , ,Blunt,100,15,19,No injury,No injury,No injury,No injury,Serious: Amputation below the elbow and above the wrist,No injury,9,DAMA,99%,Beesh General Hospital,Jazan health directorate
6/23/2025,,M,8,By Red crescent, , , ,Blunt,102,7,25,Severe: Large Brain Contusion ,No injury,No injury,No injury,Moderate: Fractures (upper or lower extremity) not open,No injury,20,Transferred to another hospital,81%,sabya General Hospital,Jazan health directorate
6/24/2025,,M,52,By Red crescent, , , ,Penetrating,123,14,15,No injury,No injury,No injury,Minor (All Other Injuries),Moderate: Fractures (upper or lower extremity) not open,No injury,5,Transferred to another hospital,99%,Almwassam General Hospital,Jazan health directorate
6/24/2025,,M,10,By Private car/walk-in, , , ,Blunt,100,15,18,No injury,No injury,No injury,No injury,Moderate: Fractures (upper or lower extremity) not open,No injury,4,Admission,100%,Beesh General Hospital,Jazan health directorate
6/24/2025,,M,28,By Red crescent, , , ,Blunt,2,3,10,Minor (All Other Injuries),Minor (All Other Injuries),Minor (All Other Injuries),Minor (All Other Injuries),Minor (All Other Injuries),Minor (All Other Injuries),3,Death in ED,70%,Beesh General Hospital,Jazan health directorate
6/24/2025,,M,23,By Red crescent, , , ,Penetrating,60,4,12,Severe: Open or depressed skull fracture,Minor (All Other Injuries),Serious: Rib fractures with flial chest,No injury,Minor (All Other Injuries),No injury,26,Transferred to another hospital,33%,Beesh General Hospital,Jazan health directorate
6/24/2025,,M,25,By Red crescent, , , ,Penetrating,20,3,1,Serious: Penetrating Neck Injury with major blood loss (More than 20%),Minor (All Other Injuries),Minor (All Other Injuries),Minor (All Other Injuries),Minor (All Other Injuries),Minor (All Other Injuries),11,Death in ED,10%,Beesh General Hospital,Jazan health directorate
6/24/2025,,M,43,By Red crescent, , , ,Blunt,120,15,19,No injury,No injury,No injury,No injury,Serious: Open Fractures (upper or lower extremity),No injury,9,Admission,99%,sabya General Hospital,Jazan health directorate
6/24/2025,,M,27,By Red crescent, , , ,Blunt,92,14,22,No injury,No injury,No injury,No injury,Serious: Compartment syndrome (upper or lower extremity) with muscle loss,No injury,9,Admission,99%,sabya General Hospital,Jazan health directorate
6/25/2025,,M,29,By Private car/walk-in, , , ,Penetrating,96,15,20,No injury,No injury,Moderate: Other named vein injury,No injury,No injury,No injury,4,Admission,99%,Alarda General Hospital,Jazan health directorate
6/26/2025,,M,14,By Private car/walk-in, , , ,Blunt,119,15,17,No injury,No injury,No injury,No injury,No injury,No injury,0,Discharged home,100%,Bani Malek General Hospital,Jazan health directorate
6/26/2025,,M,37,By Red crescent, , , ,Blunt,123,15,19,No injury,No injury,No injury,No injury,Moderate: Fractures (upper or lower extremity) not open,No injury,4,Admission,100%,sabya General Hospital,Jazan health directorate
6/28/2025,,M,35,By Private car/walk-in, , , ,Blunt,123,15,15,Moderate: Simple undisplaced Skull Fracture,No injury,No injury,No injury,No injury,No injury,4,Transferred to another hospital,100%,Almwassam General Hospital,Jazan health directorate
6/28/2025,,M,22,By Private car/walk-in, , , ,Blunt,122,15,19,No injury,No injury,No injury,No injury,No injury,No injury,0,Discharged home,100%,Bani Malek General Hospital,Jazan health directorate
6/28/2025,,M,14,By Private car/walk-in, , , ,Blunt,101,15,22,No injury,No injury,No injury,No injury,Moderate: Fractures (upper or lower extremity) not open,No injury,4,Admission,100%,sabya General Hospital,Jazan health directorate
6/28/2025,,M,10,By Red crescent, , , ,Blunt,115,15,21,Minor (All Other Injuries),No injury,No injury,No injury,No injury,No injury,1,Admission,100%,sabya General Hospital,Jazan health directorate
6/28/2025,,F,68,By Red crescent, , , ,Blunt,176,13,20,"Severe: Small to Moderate Epidural, Subdural, or Intracerebral  Hematoma",No injury,No injury,No injury,No injury,No injury,16,Transferred to another hospital,94%,Samtah General Hospital,Jazan health directorate
7/1/2025,,M,28,By Red crescent, , , ,Blunt,117,15,20,No injury,No injury,No injury,No injury,Moderate: Fractures (upper or lower extremity) not open,No injury,4,Admission,100%,Alarda General Hospital,Jazan health directorate
7/1/2025,,M,28,By Private car/walk-in, , , ,Blunt,117,15,18,Minor (All Other Injuries),No injury,No injury,Minor (All Other Injuries),No injury,No injury,2,Admission,100%,Alarda General Hospital,Jazan health directorate
7/1/2025,,M,11,By Private car/walk-in, , , ,Blunt,122,15,15,No injury,Minor (All Other Injuries),No injury,No injury,No injury,No injury,1,Transferred to another hospital,100%,Almwassam General Hospital,Jazan health directorate
7/1/2025,,M,46,By Private car/walk-in, , , ,Blunt,152,15,22,Minor (All Other Injuries),Minor (All Other Injuries),No injury,No injury,Moderate: Fractures (upper or lower extremity) not open,No injury,6,Transferred to another hospital,100%,Alreath General Hospital,Jazan health directorate
7/1/2025,,M,43,By Private car/walk-in, , , ,Blunt,158,15,22,No injury,No injury,No injury,No injury,Minor (All Other Injuries),No injury,1,Discharged home,100%,Alreath General Hospital,Jazan health directorate
7/1/2025,,F,25,By Private car/walk-in, , , ,Blunt,121,15,20,No injury,No injury,No injury,No injury,No injury,No injury,0,Discharged home,100%,Bani Malek General Hospital,Jazan health directorate
7/1/2025,,M,39,By Private car/walk-in, , , ,Blunt,119,15,20,No injury,No injury,No injury,No injury,No injury,No injury,0,Discharged home,100%,Bani Malek General Hospital,Jazan health directorate
7/1/2025,,F,15,By Private car/walk-in, , , ,Penetrating,112,15,18,No injury,No injury,No injury,No injury,No injury,Minor (All Other Injuries),1,Admission,99%,King Fahd Central Hospital in Jazan,Jazan health directorate
7/1/2025,,F,11,By Private car/walk-in, , , ,Penetrating,103,15,18,No injury,No injury,No injury,No injury,No injury,Minor (All Other Injuries),1,Admission,99%,King Fahd Central Hospital in Jazan,Jazan health directorate
7/1/2025,,F,22,By Private car/walk-in, , , ,Penetrating,123,15,18,No injury,No injury,No injury,No injury,Minor (All Other Injuries),No injury,1,Admission,99%,King Fahd Central Hospital in Jazan,Jazan health directorate
7/1/2025,,M,42,By Private car/walk-in, , , ,Blunt,132,15,18,Minor (All Other Injuries),No injury,No injury,No injury,No injury,No injury,1,Admission,100%,King Fahd Central Hospital in Jazan,Jazan health directorate
7/1/2025,,M,3,Transferred from another hospital,7/1/25 8:31,7/1/25 10:25,1:54,Blunt,103,15,20,Moderate: Simple undisplaced Skull Fracture,Minor (All Other Injuries),Moderate: Multiple rib fractures,No injury,No injury,No injury,9,Admission,99%,King Fahd Central Hospital in Jazan,Jazan health directorate
7/1/2025,,M,5,Transferred from another hospital,7/1/25 9:14,7/1/25 11:11,1:57,Penetrating,102,15,18,No injury,No injury,No injury,No injury,Serious: Open Fractures (upper or lower extremity),No injury,9,Admission,99%,King Fahd Central Hospital in Jazan,Jazan health directorate
7/1/2025,,M,36,By Red crescent, , , ,Blunt,142,15,20,No injury,No injury,No injury,No injury,Moderate: Fractures (upper or lower extremity) not open,No injury,4,Admission,100%,sabya General Hospital,Jazan health directorate
7/1/2025,,M,4,By Red crescent, , , ,Blunt,111,15,24,No injury,Minor (All Other Injuries),No injury,No injury,Moderate: Fractures (upper or lower extremity) not open,No injury,5,Admission,100%,sabya General Hospital,Jazan health directorate
7/2/2025,,M,26,By Private car/walk-in, , , ,Penetrating,120,15,18,No injury,No injury,No injury,No injury,Minor (All Other Injuries),No injury,1,Discharged home,98%,Alarda General Hospital,Jazan health directorate
7/2/2025,,M,24,By Private car/walk-in, , , ,Blunt,122,15,15,No injury,No injury,No injury,No injury,Minor (All Other Injuries),No injury,1,Transferred to another hospital,100%,Almwassam General Hospital,Jazan health directorate
7/2/2025,,F,41,By Private car/walk-in, , , ,Blunt,130,15,18,No injury,No injury,No injury,No injury,Minor (All Other Injuries),No injury,1,Discharged home,98%,Alreath General Hospital,Jazan health directorate
7/2/2025,,M,80,By Private car/walk-in, , , ,Blunt,132,15,20,No injury,No injury,No injury,No injury,No injury,No injury,0,Discharged home,100%,Bani Malek General Hospital,Jazan health directorate
7/2/2025,,F,78,By Private car/walk-in, , , ,Blunt,122,15,20,No injury,No injury,No injury,No injury,No injury,No injury,0,Discharged home,100%,Bani Malek General Hospital,Jazan health directorate
7/2/2025,,M,66,By Red crescent, , , ,Blunt,100,14,20,No injury,No injury,No injury,No injury,Minor (All Other Injuries),No injury,1,Admission,98%,Beesh General Hospital,Jazan health directorate
7/2/2025,,M,30,By Red crescent, , , ,Penetrating,123,15,16,No injury,No injury,No injury,No injury,Minor (All Other Injuries),No injury,1,Discharged home,99%,Jazan General Hospital,Jazan health directorate
7/2/2025,,M,15,Transferred from another hospital,7/2/25 9:18,7/2/25 10:27,1:09,Blunt,103,7,20,"Severe: Small to Moderate Epidural, Subdural, or Intracerebral  Hematoma",Minor (All Other Injuries),No injury,No injury,No injury,No injury,17,Admission,95%,King Fahd Central Hospital in Jazan,Jazan health directorate
7/2/2025,,M,25,Transferred from another hospital,7/2/25 9:44,7/2/25 11:57,2:13,Penetrating,134,15,18,No injury,No injury,No injury,No injury,No injury,Minor (All Other Injuries),1,Admission,99%,King Fahd Central Hospital in Jazan,Jazan health directorate
7/3/2025,,M,40,By Red crescent, , , ,Blunt,122,15,15,No injury,No injury,No injury,No injury,Moderate: Fractures (upper or lower extremity) not open,No injury,4,Transferred to another hospital,100%,Almwassam General Hospital,Jazan health directorate
7/3/2025,,M,10,By Private car/walk-in, , , ,Blunt,112,15,21,No injury,No injury,No injury,No injury,No injury,No injury,0,Discharged home,100%,Bani Malek General Hospital,Jazan health directorate
7/3/2025,,M,17,By Private car/walk-in, , , ,Blunt,126,15,19,No injury,No injury,No injury,No injury,No injury,No injury,0,Discharged home,100%,Bani Malek General Hospital,Jazan health directorate
7/3/2025,,F,15,By Private car/walk-in, , , ,Blunt,121,15,20,No injury,No injury,No injury,No injury,No injury,No injury,0,Discharged home,100%,Bani Malek General Hospital,Jazan health directorate
7/3/2025,,M,12,By Private car/walk-in, , , ,Penetrating,103,15,18,No injury,No injury,No injury,No injury,No injury,Minor (All Other Injuries),1,Admission,99%,King Fahd Central Hospital in Jazan,Jazan health directorate
7/3/2025,,M,42,By Private car/walk-in, , , ,Penetrating,134,15,18,No injury,No injury,No injury,No injury,Minor (All Other Injuries),No injury,1,Admission,99%,King Fahd Central Hospital in Jazan,Jazan health directorate
7/3/2025,,M,32,By Red crescent, , , ,Blunt,132,15,18,Minor (All Other Injuries),No injury,No injury,No injury,Moderate: Fractures (upper or lower extremity) not open,No injury,5,Admission,100%,King Fahd Central Hospital in Jazan,Jazan health directorate
7/3/2025,,M,30,Transferred from another hospital,7/3/25 9:45,7/3/25 10:24,0:39,Penetrating,132,15,18,No injury,No injury,No injury,No injury,Minor (All Other Injuries),No injury,1,Transferred to another hospital,99%,King Fahd Central Hospital in Jazan,Jazan health directorate
7/3/2025,,M,11,By Private car/walk-in, , , ,Blunt,100,15,22,No injury,No injury,No injury,No injury,Moderate: Fractures (upper or lower extremity) not open,No injury,4,Admission,100%,sabya General Hospital,Jazan health directorate
7/4/2025,,M,26,By Private car/walk-in, , , ,Penetrating,135,15,22,No injury,Serious: Penetrating face injury with major blood loss (more than 20%),No injury,No injury,No injury,No injury,9,Admission,99%,Beesh General Hospital,Jazan health directorate
7/4/2025,,M,35,By Private car/walk-in, , , ,Penetrating,112,15,18,No injury,No injury,No injury,No injury,Minor (All Other Injuries),No injury,1,Admission,99%,King Fahd Central Hospital in Jazan,Jazan health directorate
7/4/2025,,M,28,Transferred from another hospital,7/4/25 10:37,7/4/25 12:23,1:46,Blunt,103,15,18,No injury,Moderate: LeFort I Fracture or LeFort II Fracture,No injury,No injury,No injury,No injury,4,Admission,100%,King Fahd Central Hospital in Jazan,Jazan health directorate
7/5/2025,,F,17,By Red crescent, , , ,Penetrating,120,15,16,No injury,No injury,No injury,No injury,Minor (All Other Injuries),No injury,1,Discharged home,99%,Jazan General Hospital,Jazan health directorate
7/5/2025,,M,34,By Private car/walk-in, , , ,Penetrating,112,15,18,No injury,No injury,No injury,No injury,Minor (All Other Injuries),No injury,1,Admission,99%,King Fahd Central Hospital in Jazan,Jazan health directorate
7/5/2025,,M,14,Transferred from another hospital,7/5/25 10:57,7/5/25 12:00,1:03,Penetrating,112,15,18,No injury,No injury,No injury,No injury,No injury,Minor (All Other Injuries),1,Admission,99%,King Fahd Central Hospital in Jazan,Jazan health directorate
7/5/2025,,M,14,Transferred from another hospital,7/5/25 8:20,7/5/25 9:15,0:55,Penetrating,115,15,18,No injury,No injury,No injury,No injury,Moderate: Amputation at wrist or ankle,No injury,4,Admission,99%,King Fahd Central Hospital in Jazan,Jazan health directorate
7/5/2025,,M,30,Transferred from another hospital,7/5/25 10:12,7/5/25 10:27,0:15,Penetrating,103,15,18,No injury,No injury,No injury,No injury,Minor (All Other Injuries),No injury,1,Transferred to another hospital,99%,King Fahd Central Hospital in Jazan,Jazan health directorate
7/6/2025,,M,25,By Private car/walk-in, , , ,Blunt,123,15,15,No injury,No injury,No injury,No injury,Moderate: Fractures (upper or lower extremity) not open,No injury,4,Transferred to another hospital,100%,Almwassam General Hospital,Jazan health directorate
7/6/2025,,M,19,By Red crescent, , , ,Blunt,100,14,22,No injury,No injury,No injury,No injury,Minor (All Other Injuries),No injury,1,Admission,100%,Beesh General Hospital,Jazan health directorate
7/6/2025,,F,1,By Private car/walk-in, , , ,Blunt,97,15,20,Moderate: Simple undisplaced Skull Fracture,No injury,No injury,No injury,No injury,No injury,4,Admission,100%,King Fahd Central Hospital in Jazan,Jazan health directorate
7/6/2025,,F,35,Transferred from another hospital,7/6/25 10:09,7/6/25 12:28,2:19,Blunt,146,15,18,No injury,No injury,No injury,Moderate: Urinary Bladder Contusion,Severe: Pelvic Ring Fracture (Open Book) with major bleeding ,No injury,20,Admission,99%,King Fahd Central Hospital in Jazan,Jazan health directorate
7/6/2025,,M,3,Transferred from another hospital,7/6/25 7:04,7/6/25 8:30,1:26,Blunt,98,15,20,No injury,No injury,No injury,No injury,Moderate: Fractures (upper or lower extremity) not open,No injury,4,Admission,100%,King Fahd Central Hospital in Jazan,Jazan health directorate
7/6/2025,,F,19,By Red crescent, , , ,Blunt,124,15,20,No injury,No injury,No injury,No injury,Moderate: Fractures (upper or lower extremity) not open,No injury,4,Admission,100%,sabya General Hospital,Jazan health directorate
7/7/2025,,M,2,By Private car/walk-in, , , ,Blunt,111,15,20,No injury,No injury,No injury,No injury,Moderate: Fractures (upper or lower extremity) not open,No injury,4,Transferred to another hospital,100%,Almwassam General Hospital,Jazan health directorate
7/7/2025,,M,25,By Private car/walk-in, , , ,Blunt,100,15,20,No injury,No injury,No injury,No injury,Minor (All Other Injuries),No injury,1,Admission,100%,Beesh General Hospital,Jazan health directorate
7/7/2025,,M,29,By Red crescent, , , ,Blunt,100,14,22,No injury,No injury,No injury,No injury,Minor (All Other Injuries),No injury,1,Admission,100%,Beesh General Hospital,Jazan health directorate
7/7/2025,,F,2,By Private car/walk-in, , , ,Penetrating,104,15,18,No injury,Minor (All Other Injuries),No injury,No injury,No injury,No injury,1,Admission,99%,King Fahd Central Hospital in Jazan,Jazan health directorate
7/7/2025,,M,9,Transferred from another hospital,7/7/25 9:32,7/7/25 10:05,0:33,Penetrating,103,15,18,No injury,No injury,No injury,No injury,Serious: Open Fractures (upper or lower extremity),No injury,9,Admission,99%,King Fahd Central Hospital in Jazan,Jazan health directorate
7/7/2025,,M,41,Transferred from another hospital,7/7/25 8:30,7/7/25 9:22,0:52,Penetrating,113,15,18,No injury,No injury,No injury,No injury,Serious: Open Fractures (upper or lower extremity),No injury,9,Admission,99%,King Fahd Central Hospital in Jazan,Jazan health directorate
7/7/2025,,F,29,Transferred from another hospital,7/7/25 7:42,7/7/25 8:45,1:03,Penetrating,123,15,16,No injury,No injury,No injury,No injury,No injury,Moderate: 2nd or 3rd degree burns involving 10% to 19% Total Body Surface,4,Transferred to another hospital,99%,King Fahd Central Hospital in Jazan,Jazan health directorate
7/7/2025,,M,4,Transferred from another hospital,7/7/25 10:16,7/7/25 11:10,0:54,Penetrating,113,15,19,No injury,No injury,No injury,No injury,Minor (All Other Injuries),No injury,1,Admission,99%,King Fahd Central Hospital in Jazan,Jazan health directorate
7/7/2025,,M,1,By Private car/walk-in, , , ,Blunt,99,15,25,Minor (All Other Injuries),No injury,No injury,No injury,No injury,No injury,1,DAMA,100%,sabya General Hospital,Jazan health directorate
7/8/2025,,M,2,By Private car/walk-in, , , ,Blunt,60,9,22,"Critical: Brain stem compression, herniation, infarction, or injury)",No injury,No injury,No injury,No injury,No injury,25,Transferred to another hospital,87%,Abi Areesh General Hospital,Jazan health directorate
7/8/2025,,M,43,By Red crescent, , , ,Blunt,130,15,20,No injury,No injury,No injury,No injury,Moderate: Fractures (upper or lower extremity) not open,No injury,4,Admission,100%,Alarda General Hospital,Jazan health directorate
7/8/2025,,M,22,By Red crescent, , , ,Blunt,60,3,18,Critical: Major penerating injury to skull (more than 2 cm deep),No injury,Serious: Hemothorax,Critical: Spleen hilum injury,Moderate: Fractures (upper or lower extremity) not open,No injury,59,Death in ED,4%,Alhorath General Hospital,Jazan health directorate
7/8/2025,,M,7,By Private car/walk-in, , , ,Blunt,116,15,26,No injury,No injury,No injury,No injury,No injury,No injury,0,Discharged home,100%,Bani Malek General Hospital,Jazan health directorate
7/8/2025,,M,11,By Private car/walk-in, , , ,Blunt,114,15,20,No injury,No injury,No injury,No injury,No injury,No injury,0,Discharged home,100%,Bani Malek General Hospital,Jazan health directorate
7/8/2025,,M,5,By Private car/walk-in, , , ,Penetrating,99,15,22,No injury,Minor (All Other Injuries),No injury,No injury,No injury,No injury,1,Transferred to another hospital,99%,Beesh General Hospital,Jazan health directorate
7/8/2025,,M,39,By Private car/walk-in, , , ,Penetrating,135,15,18,No injury,No injury,No injury,No injury,Serious: Open Fractures (upper or lower extremity),No injury,9,Admission,99%,King Fahd Central Hospital in Jazan,Jazan health directorate
7/8/2025,,M,1,By Private car/walk-in, , , ,Penetrating,93,15,20,No injury,No injury,No injury,No injury,No injury,Minor (All Other Injuries),1,Admission,99%,King Fahd Central Hospital in Jazan,Jazan health directorate
7/8/2025,,M,38,Transferred from another hospital,7/8/25 9:24,7/8/25 10:44,1:20,Penetrating,132,15,18,No injury,No injury,No injury,No injury,Moderate: Amputation at wrist or ankle,No injury,4,Admission,99%,King Fahd Central Hospital in Jazan,Jazan health directorate
7/8/2025,,M,17,Transferred from another hospital,7/8/25 7:31,7/8/25 8:22,0:51,Blunt,102,13,18,Minor (All Other Injuries),Serious: Penetrating face injury with major blood loss (more than 20%),Moderate: Simple Pneumothorax,No injury,Moderate: Fractures (upper or lower extremity) not open,Minor (All Other Injuries),17,Admission,99%,King Fahd Central Hospital in Jazan,Jazan health directorate
7/8/2025,,M,19,By Red crescent, , , ,Blunt,111,3,20,"Severe: Small to Moderate Epidural, Subdural, or Intracerebral  Hematoma",Minor (All Other Injuries),Minor (All Other Injuries),Serious: Liver laceration more than 3 cm deep or with major duct involvment,Minor (All Other Injuries),Minor (All Other Injuries),26,Admission,67%,Samtah General Hospital,Jazan health directorate
7/9/2025,,F,57,By Private car/walk-in, , , ,Penetrating,145,15,20,No injury,No injury,No injury,No injury,Serious: Compartment syndrome (upper or lower extremity) with muscle loss,No injury,9,DAMA,99%,Beesh General Hospital,Jazan health directorate
7/9/2025,,M,38,By Private car/walk-in, , , ,Penetrating,110,15,20,No injury,No injury,No injury,No injury,Minor (All Other Injuries),No injury,1,Admission,99%,Beesh General Hospital,Jazan health directorate
7/9/2025,,M,35,By Red crescent, , , ,Blunt,116,7,18,"Moderate: Tiny Epidural, Subdural, or Intracerebral  Hematoma",No injury,No injury,Moderate: Kidney laceration (less than 1 cm not reaching the collecting system) or small contusion,Minor (All Other Injuries),Minor (All Other Injuries),9,Admission,87%,King Fahd Central Hospital in Jazan,Jazan health directorate
7/9/2025,,M,23,Transferred from another hospital,7/9/25 9:34,7/9/25 12:12,2:38,Penetrating,126,15,20,No injury,No injury,No injury,Minor (All Other Injuries),No injury,No injury,1,Admission,99%,King Fahd Central Hospital in Jazan,Jazan health directorate
7/9/2025,,M,47,Transferred from another hospital,7/9/25 10:14,7/9/25 10:36,0:22,Penetrating,126,15,18,No injury,No injury,No injury,No injury,Moderate: Amputation at wrist or ankle,No injury,4,Admission,99%,King Fahd Central Hospital in Jazan,Jazan health directorate
7/9/2025,,M,36,Transferred from another hospital,7/9/25 7:42,7/9/25 9:54,2:12,Penetrating,123,15,16,No injury,No injury,No injury,No injury,No injury,Minor (All Other Injuries),1,Transferred to another hospital,99%,King Fahd Central Hospital in Jazan,Jazan health directorate
7/9/2025,,M,24,By Red crescent, , , ,Blunt,120,15,19,No injury,No injury,No injury,No injury,Moderate: Fractures (upper or lower extremity) not open,No injury,4,Admission,100%,sabya General Hospital,Jazan health directorate
7/10/2025,,M,1,By Private car/walk-in, , , ,Blunt,110,15,15,Moderate: Intra-ventricular hemorrhage or subarachnoid hemorrhage,No injury,No injury,No injury,No injury,No injury,4,Discharged home,100%,Almwassam General Hospital,Jazan health directorate
7/10/2025,,M,25,By Private car/walk-in, , , ,Blunt,126,15,20,No injury,No injury,No injury,No injury,No injury,No injury,0,Discharged home,100%,Bani Malek General Hospital,Jazan health directorate
7/10/2025,,M,7,Transferred from another hospital,7/10/25 9:53,7/10/25 11:49,1:56,Blunt,103,15,18,"Moderate: Tiny Epidural, Subdural, or Intracerebral  Hematoma",No injury,No injury,No injury,No injury,No injury,4,Admission,100%,King Fahd Central Hospital in Jazan,Jazan health directorate
7/10/2025,,M,66,Transferred from another hospital,7/10/25 7:00,7/10/25 7:39,0:39,Penetrating,124,15,18,No injury,No injury,No injury,No injury,No injury,Moderate: 2nd or 3rd degree burns involving 10% to 19% Total Body Surface,4,Admission,99%,King Fahd Central Hospital in Jazan,Jazan health directorate
7/10/2025,,M,18,Transferred from another hospital,7/10/25 8:14,7/10/25 9:55,1:41,Penetrating,126,15,18,No injury,No injury,No injury,No injury,Minor (All Other Injuries),No injury,1,Admission,98%,King Fahd Central Hospital in Jazan,Jazan health directorate
7/10/2025,,F,30,Transferred from another hospital,7/10/25 8:49,7/10/25 10:33,1:44,Blunt,123,15,20,No injury,No injury,No injury,Minor (All Other Injuries),Moderate: Fractures (upper or lower extremity) not open,No injury,5,Admission,100%,King Fahd Central Hospital in Jazan,Jazan health directorate
7/11/2025,,F,1,By Private car/walk-in, , , ,Blunt,103,15,20,"Moderate: Tiny Epidural, Subdural, or Intracerebral  Hematoma",No injury,No injury,No injury,No injury,No injury,4,Admission,100%,King Fahd Central Hospital in Jazan,Jazan health directorate
7/11/2025,,M,26,By Private car/walk-in, , , ,Penetrating,124,15,18,No injury,No injury,No injury,No injury,Serious: Open Fractures (upper or lower extremity),No injury,9,Admission,99%,King Fahd Central Hospital in Jazan,Jazan health directorate
7/11/2025,,M,75,Transferred from another hospital,7/11/25 7:20,7/11/25 9:01,1:41,Blunt,88,14,20,No injury,No injury,Serious: Hemothorax,Minor (All Other Injuries),Severe: Pelvic Ring Fracture (Open Book) with major bleeding ,No injury,26,Admission,96%,King Fahd Central Hospital in Jazan,Jazan health directorate
7/11/2025,,F,1,Transferred from another hospital,7/11/25 7:27,7/11/25 7:59,0:32,Penetrating,92,15,20,No injury,No injury,No injury,No injury,Moderate: Amputation at wrist or ankle,No injury,4,Admission,99%,King Fahd Central Hospital in Jazan,Jazan health directorate
7/11/2025,,F,50,By Private car/walk-in, , , ,Blunt,133,15,19,No injury,No injury,No injury,No injury,Moderate: Fractures (upper or lower extremity) not open,No injury,4,Admission,100%,sabya General Hospital,Jazan health directorate
7/11/2025,,M,29,Transferred from another hospital,7/11/25 21:55,7/11/25 23:20,1:25,Penetrating,132,15,20,No injury,No injury,No injury,"Severe: Small bowel, Colon, or rectal injury massive complex tissue loss",No injury,No injury,16,Admission,96%,sabya General Hospital,Jazan health directorate
7/12/2025,,M,9,By Private car/walk-in, , , ,Blunt,120,15,100,No injury,Minor (All Other Injuries),No injury,No injury,No injury,No injury,1,Admission,100%,Almwassam General Hospital,Jazan health directorate
7/12/2025,,M,27,By Private car/walk-in, , , ,Blunt,100,15,20,No injury,No injury,No injury,No injury,Minor (All Other Injuries),No injury,1,Admission,100%,Beesh General Hospital,Jazan health directorate
7/12/2025,,F,28,By Private car/walk-in, , , ,Blunt,100,15,20,No injury,No injury,No injury,No injury,Minor (All Other Injuries),No injury,1,Admission,100%,Beesh General Hospital,Jazan health directorate
7/12/2025,,M,36,By Private car/walk-in, , , ,Blunt,121,15,18,No injury,No injury,No injury,No injury,Moderate: Fractures (upper or lower extremity) not open,No injury,4,Admission,100%,King Fahd Central Hospital in Jazan,Jazan health directorate
7/12/2025,,M,28,By Red crescent, , , ,Penetrating,122,15,18,No injury,No injury,No injury,No injury,Moderate: Vascualr injury (upper or lower extremity) without major blood loss,No injury,4,Admission,99%,King Fahd Central Hospital in Jazan,Jazan health directorate
7/12/2025,,M,26,Transferred from another hospital,7/12/25 9:10,7/12/25 10:27,1:17,Penetrating,126,15,18,Moderate: Penetrating Neck Injury with tissue loss,No injury,No injury,No injury,No injury,No injury,4,Admission,99%,King Fahd Central Hospital in Jazan,Jazan health directorate
7/12/2025,,M,34,Transferred from another hospital,7/12/25 8:49,7/12/25 10:40,1:51,Penetrating,142,15,18,No injury,No injury,No injury,No injury,No injury,Minor (All Other Injuries),1,Transferred to another hospital,99%,King Fahd Central Hospital in Jazan,Jazan health directorate
7/12/2025,,M,38,Transferred from another hospital,7/12/25 7:19,7/12/25 7:45,0:26,Penetrating,112,15,18,No injury,No injury,No injury,No injury,Serious: Open Fractures (upper or lower extremity),No injury,9,Admission,99%,King Fahd Central Hospital in Jazan,Jazan health directorate
7/12/2025,,M,12,Transferred from another hospital,7/12/25 9:04,7/12/25 9:16,0:12,Penetrating,104,15,17,No injury,No injury,No injury,No injury,No injury,Minor (All Other Injuries),1,Admission,99%,King Fahd Central Hospital in Jazan,Jazan health directorate
7/12/2025,,M,39,Transferred from another hospital,7/12/25 10:06,7/12/25 12:45,2:39,Blunt,136,10,18,Severe: Open or depressed skull fracture,No injury,No injury,No injury,No injury,No injury,16,Admission,98%,King Fahd Central Hospital in Jazan,Jazan health directorate
7/12/2025,,M,30,By Red crescent, , , ,Blunt,111,15,21,No injury,No injury,No injury,No injury,Moderate: Fractures (upper or lower extremity) not open,No injury,4,Admission,100%,sabya General Hospital,Jazan health directorate
7/12/2025,,M,20,By Private car/walk-in, , , ,Blunt,123,15,19,No injury,No injury,No injury,No injury,Moderate: Fractures (upper or lower extremity) not open,No injury,4,Admission,100%,sabya General Hospital,Jazan health directorate
7/13/2025,,M,20,By Red crescent, , , ,Penetrating,65,15,23,No injury,No injury,No injury,No injury,Minor (All Other Injuries),Minor (All Other Injuries),2,Transferred to another hospital,98%,Alhorath General Hospital,Jazan health directorate
7/13/2025,,M,27,By Private car/walk-in, , , ,Penetrating,80,8,22,No injury,No injury,No injury,No injury,Moderate: Vascualr injury (upper or lower extremity) without major blood loss,Minor (All Other Injuries),5,Transferred to another hospital,91%,Alhorath General Hospital,Jazan health directorate
7/13/2025,,M,23,By Private car/walk-in,,,,Blunt,123,15,20,No injury,No injury,No injury,No injury,Moderate: Fractures (upper or lower extremity) not open,No injury,4,Transferred to another hospital,100%,Almwassam General Hospital,Jazan health directorate
7/13/2025,,M,13,By Private car/walk-in, , , ,Blunt,136,15,18,No injury,No injury,No injury,No injury,Moderate: Fractures (upper or lower extremity) not open,No injury,4,Admission,100%,King Fahd Central Hospital in Jazan,Jazan health directorate
7/13/2025,,F,4,By Private car/walk-in, , , ,Blunt,103,15,18,No injury,No injury,No injury,No injury,Moderate: Fractures (upper or lower extremity) not open,No injury,4,Admission,100%,King Fahd Central Hospital in Jazan,Jazan health directorate
7/13/2025,,M,27,Transferred from another hospital,7/13/25 9:53,7/13/25 12:20,2:27,Blunt,123,15,18,No injury,Minor (All Other Injuries),No injury,No injury,Moderate: Fractures (upper or lower extremity) not open,No injury,5,Admission,100%,King Fahd Central Hospital in Jazan,Jazan health directorate
7/13/2025,,M,5,Transferred from another hospital,7/13/25 10:14,7/13/25 11:00,0:46,Blunt,102,7,18,Severe: Open or depressed skull fracture,No injury,No injury,No injury,No injury,No injury,16,Admission,95%,King Fahd Central Hospital in Jazan,Jazan health directorate
7/14/2025,,M,85,By Private car/walk-in,,,,Blunt,124,15,20,No injury,No injury,No injury,No injury,No injury,No injury,0,Discharged home,100%,Bani Malek General Hospital,Jazan health directorate
7/14/2025,,M,47,By Private car/walk-in,,,,Blunt,138,15,20,No injury,No injury,No injury,No injury,No injury,No injury,0,Discharged home,100%,Bani Malek General Hospital,Jazan health directorate
7/14/2025,,M,75,By Private car/walk-in,,,,Blunt,121,15,20,No injury,No injury,No injury,No injury,No injury,No injury,0,Discharged home,100%,Bani Malek General Hospital,Jazan health directorate
7/14/2025,,M,13,By Private car/walk-in,,,,Blunt,99,15,21,No injury,No injury,No injury,No injury,Minor (All Other Injuries),No injury,1,Admission,98%,Beesh General Hospital,Jazan health directorate
7/14/2025,,M,36,By Private car/walk-in,,,,Blunt,100,14,19,No injury,No injury,No injury,No injury,Minor (All Other Injuries),No injury,1,Admission,98%,Beesh General Hospital,Jazan health directorate
7/14/2025,,M,28,Transferred from another hospital,7/14/25 9:59,7/14/25 12:30,2:31,Penetrating,115,15,18,No injury,Minor (All Other Injuries),No injury,No injury,Moderate: Fractures (upper or lower extremity) not open,No injury,5,Admission,99%,King Fahd Central Hospital in Jazan,Jazan health directorate
7/15/2025,,M,29,By Private car/walk-in,,,,Blunt,122,15,15,No injury,No injury,No injury,No injury,Minor (All Other Injuries),No injury,1,Transferred to another hospital,100%,Almwassam General Hospital,Jazan health directorate
7/15/2025,,M,21,By Private car/walk-in,,,,Blunt,126,15,20,No injury,No injury,No injury,No injury,No injury,No injury,0,Discharged home,100%,Bani Malek General Hospital,Jazan health directorate
7/15/2025,,M,29,By Private car/walk-in,,,,Blunt,121,15,20,No injury,No injury,No injury,No injury,No injury,No injury,0,Discharged home,100%,Bani Malek General Hospital,Jazan health directorate
7/15/2025,,M,34,By Private car/walk-in,,,,Blunt,124,15,19,No injury,No injury,No injury,No injury,No injury,No injury,0,Discharged home,100%,Bani Malek General Hospital,Jazan health directorate
7/15/2025,,M,26,By Private car/walk-in,,,,Penetrating,100,15,20,No injury,No injury,No injury,No injury,Minor (All Other Injuries),No injury,1,Admission,99%,Beesh General Hospital,Jazan health directorate
7/15/2025,,M,12,By Private car/walk-in,,,,Blunt,112,15,18,No injury,No injury,No injury,No injury,Moderate: Fractures (upper or lower extremity) not open,No injury,4,Admission,100%,King Fahd Central Hospital in Jazan,Jazan health directorate
7/15/2025,,M,23,By Red crescent,,,,Blunt,125,15,18,No injury,No injury,No injury,No injury,Moderate: Fractures (upper or lower extremity) not open,No injury,4,Admission,100%,King Fahd Central Hospital in Jazan,Jazan health directorate
7/15/2025,,M,1,By Private car/walk-in,,,,Penetrating,102,15,20,No injury,No injury,No injury,No injury,No injury,Minor (All Other Injuries),1,Admission,99%,King Fahd Central Hospital in Jazan,Jazan health directorate
7/15/2025,,M,26,By Red crescent,,,,Blunt,122,15,21,No injury,No injury,No injury,No injury,Serious: Open Fractures (upper or lower extremity),No injury,9,Admission,99%,sabya General Hospital,Jazan health directorate
7/16/2025,,M,38,By Private car/walk-in,,,,Blunt,130,15,14,No injury,Minor (All Other Injuries),No injury,No injury,No injury,No injury,1,Transferred to another hospital,100%,Alreath General Hospital,Jazan health directorate
7/16/2025,,M,43,By Private car/walk-in,,,,Blunt,116,15,15,No injury,No injury,No injury,No injury,Moderate: Fractures (upper or lower extremity) not open,No injury,4,Transferred to another hospital,100%,Alreath General Hospital,Jazan health directorate
7/16/2025,,M,15,By Private car/walk-in,,,,Blunt,123,15,20,No injury,No injury,No injury,No injury,No injury,No injury,0,Discharged home,100%,Bani Malek General Hospital,Jazan health directorate
7/16/2025,,M,8,By Private car/walk-in,,,,Blunt,116,15,22,No injury,No injury,No injury,No injury,No injury,No injury,0,Discharged home,100%,Bani Malek General Hospital,Jazan health directorate
7/16/2025,,M,17,By Private car/walk-in,,,,Blunt,119,15,19,No injury,No injury,No injury,No injury,No injury,No injury,0,Discharged home,100%,Bani Malek General Hospital,Jazan health directorate
7/16/2025,,F,41,By Private car/walk-in,,,,Blunt,115,15,20,No injury,No injury,No injury,No injury,No injury,Minor (All Other Injuries),1,Discharged home,100%,Damad General Hospital,Jazan health directorate
7/16/2025,,M,39,By Private car/walk-in,,,,Blunt,100,15,18,No injury,No injury,No injury,Moderate: Liver laceration less than 3 cm deep ,No injury,No injury,4,Admission,100%,King Fahd Central Hospital in Jazan,Jazan health directorate
7/16/2025,,F,1,By Private car/walk-in,,,,Blunt,98,15,20,Moderate: Simple undisplaced Skull Fracture,No injury,No injury,No injury,No injury,No injury,4,Admission,100%,King Fahd Central Hospital in Jazan,Jazan health directorate
7/16/2025,,M,23,Transferred from another hospital,7/16/25 7:59,7/16/25 8:34,0:35,Blunt,134,15,18,No injury,No injury,No injury,No injury,Moderate: Fractures (upper or lower extremity) not open,No injury,4,Admission,100%,King Fahd Central Hospital in Jazan,Jazan health directorate
7/16/2025,,F,4,Transferred from another hospital,7/16/25 8:19,7/16/25 9:15,0:56,Blunt,93,8,22,Severe: Open or depressed skull fracture,No injury,No injury,Serious: Kidney laceration (more than 1 cm not reaching the collecting system) or large contusion,No injury,No injury,25,Admission,91%,King Fahd Central Hospital in Jazan,Jazan health directorate
7/17/2025,,M,28,By Private car/walk-in,,,,Penetrating,123,15,15,Minor (All Other Injuries),No injury,No injury,No injury,No injury,No injury,1,Transferred to another hospital,99%,Almwassam General Hospital,Jazan health directorate
7/17/2025,,M,83,By Private car/walk-in,,,,Blunt,138,15,20,No injury,No injury,No injury,No injury,No injury,No injury,0,Discharged home,100%,Bani Malek General Hospital,Jazan health directorate
7/17/2025,,M,30,Transferred from another hospital,7/17/25 7:55,7/17/25 8:43,0:48,Penetrating,70,8,22,Unsurvivable: Massive destruction of skull and brain,Severe: Penetrating face injury causing massive distruction to face including both eyes,Serious: Hemothorax,Minor (All Other Injuries),No injury,No injury,75,Death in ED,5%,King Fahd Central Hospital in Jazan,Jazan health directorate
7/17/2025,,M,83,Transferred from another hospital,7/17/25 8:41,7/17/25 10:40,1:59,Penetrating,112,15,18,No injury,No injury,No injury,No injury,No injury,Serious: 2nd or 3rd degree burns involving 20% to 29% Total Body Surface,9,Admission,99%,King Fahd Central Hospital in Jazan,Jazan health directorate
7/17/2025,,M,17,By Private car/walk-in,,,,Blunt,122,15,19,No injury,No injury,No injury,No injury,Moderate: Fractures (upper or lower extremity) not open,No injury,4,Admission,100%,sabya General Hospital,Jazan health directorate
7/17/2025,,M,26,By Red crescent,,,,Blunt,105,3,20,"Severe: Small to Moderate Epidural, Subdural, or Intracerebral  Hematoma",No injury,No injury,Serious: Liver laceration more than 3 cm deep or with major duct involvment,No injury,No injury,25,Admission,68%,Samtah General Hospital,Jazan health directorate
7/17/2025,,M,41,By Red crescent,,,,Blunt,115,15,20,Minor (All Other Injuries),Minor (All Other Injuries),No injury,No injury,Serious: Open Fractures (upper or lower extremity),No injury,11,Admission,96%,Samtah General Hospital,Jazan health directorate
7/18/2025,,M,33,By Private car/walk-in,,,,Blunt,139,15,14,No injury,No injury,No injury,No injury,Minor (All Other Injuries),No injury,1,Discharged home,100%,Alreath General Hospital,Jazan health directorate
7/18/2025,,M,24,Transferred from another hospital,7/18/25 7:26,7/18/25 9:19,1:53,Penetrating,114,15,18,No injury,No injury,No injury,No injury,Moderate: Amputation at wrist or ankle,No injury,4,Admission,98%,King Fahd Central Hospital in Jazan,Jazan health directorate
7/18/2025,,M,48,Transferred from another hospital,7/18/25 7:10,7/18/25 8:52,1:42,Penetrating,123,15,18,No injury,No injury,No injury,No injury,No injury,Severe: 2nd or 3rd degree burns involving 30% to 39% Total Body Surface,16,Admission,99%,King Fahd Central Hospital in Jazan,Jazan health directorate
7/18/2025,,F,82,Transferred from another hospital,7/18/25 9:05,7/18/25 10:58,1:53,Blunt,135,15,18,No injury,No injury,No injury,No injury,Moderate: Fractures (upper or lower extremity) not open,No injury,4,Admission,100%,King Fahd Central Hospital in Jazan,Jazan health directorate
7/19/2025,,F,51,By Red crescent,,,,Blunt,118,15,16,Minor (All Other Injuries),No injury,No injury,No injury,No injury,No injury,1,Admission,98%,Aldarb General Hospital,Jazan health directorate
7/19/2025,,M,89,By Private car/walk-in,,,,Blunt,125,14,18,No injury,No injury,No injury,No injury,Moderate: Fractures (upper or lower extremity) not open,No injury,4,Admission,100%,King Fahd Central Hospital in Jazan,Jazan health directorate
7/19/2025,,M,62,Transferred from another hospital,7/19/25 10:24,7/19/25 12:00,1:36,Blunt,132,15,18,No injury,No injury,No injury,No injury,Moderate: Fractures (upper or lower extremity) not open,No injury,4,Transferred to another hospital,98%,King Fahd Central Hospital in Jazan,Jazan health directorate
7/19/2025,,M,42,By Red crescent,,,,Blunt,131,15,20,Minor (All Other Injuries),Minor (All Other Injuries),Minor (All Other Injuries),No injury,No injury,No injury,3,Admission,100%,sabya General Hospital,Jazan health directorate
7/20/2025,,M,36,By Red crescent,,,,Blunt,114,15,20,Minor (All Other Injuries),Minor (All Other Injuries),Minor (All Other Injuries),Minor (All Other Injuries),Moderate: Fractures (upper or lower extremity) not open,No injury,6,Admission,97%,Alarda General Hospital,Jazan health directorate
7/20/2025,,M,8,By Private car/walk-in,,,,Blunt,124,15,15,No injury,No injury,No injury,No injury,No injury,No injury,0,Transferred to another hospital,100%,Almwassam General Hospital,Jazan health directorate
7/20/2025,,M,63,By Private car/walk-in,,,,Blunt,140,15,13,No injury,No injury,No injury,No injury,Minor (All Other Injuries),No injury,1,Discharged home,98%,Alreath General Hospital,Jazan health directorate
7/20/2025,,M,19,By Private car/walk-in,,,,Blunt,131,15,20,No injury,No injury,No injury,No injury,No injury,No injury,0,Discharged home,98%,Bani Malek General Hospital,Jazan health directorate
7/20/2025,,F,19,By Private car/walk-in,,,,Blunt,124,15,20,No injury,No injury,No injury,No injury,No injury,No injury,0,Discharged home,100%,Bani Malek General Hospital,Jazan health directorate
7/20/2025,,M,63,By Red crescent,,,,Blunt,70,3,26,Critical: Massive Brain Contusion ,Severe: Penetrating face injury causing massive distruction to face including both eyes,Severe: Major Heamothorax (More than 1000 cc),No injury,No injury,"Unsurvivable: Explosion injury affecting whole body (multiple organ injury to brain, thorax, and/or abdomen with loss of one or more limbs)",75,Death in ED,1%,Jazan General Hospital,Jazan health directorate
7/20/2025,,M,5,By Private car/walk-in,,,,Penetrating,110,15,18,No injury,No injury,No injury,No injury,Serious: Open Fractures (upper or lower extremity),No injury,9,Admission,99%,King Fahd Central Hospital in Jazan,Jazan health directorate
7/20/2025,,M,2,By Private car/walk-in,,,,Penetrating,115,15,18,No injury,No injury,No injury,No injury,No injury,Moderate: 2nd or 3rd degree burns involving 10% to 19% Total Body Surface,4,Admission,99%,King Fahd Central Hospital in Jazan,Jazan health directorate
7/20/2025,,M,18,By Private car/walk-in,,,,Blunt,124,15,18,No injury,No injury,No injury,No injury,Moderate: Fractures (upper or lower extremity) not open,No injury,4,Admission,100%,King Fahd Central Hospital in Jazan,Jazan health directorate
7/20/2025,,M,76,Transferred from another hospital,7/20/25 10:39,7/20/25 11:29,0:50,Blunt,132,15,18,"Critical: Large Epidural, Subdural, or Intracerebral  Hematoma",No injury,No injury,No injury,No injury,No injury,25,Admission,89%,King Fahd Central Hospital in Jazan,Jazan health directorate
7/20/2025,,M,70,By Red crescent,,,,Blunt,146,15,19,No injury,No injury,No injury,No injury,Moderate: Fractures (upper or lower extremity) not open,No injury,4,Admission,100%,sabya General Hospital,Jazan health directorate
7/21/2025,,F,8,By Private car/walk-in,,,,Blunt,107,15,32,No injury,No injury,No injury,No injury,No injury,No injury,0,Discharged home,100%,Bani Malek General Hospital,Jazan health directorate
7/21/2025,,F,40,By Red crescent,,,,Blunt,123,15,18,No injury,No injury,No injury,No injury,Moderate: Fractures (upper or lower extremity) not open,No injury,4,Admission,100%,King Fahd Central Hospital in Jazan,Jazan health directorate
7/21/2025,,M,32,By Private car/walk-in,,,,Penetrating,124,15,18,No injury,No injury,No injury,No injury,No injury,Moderate: 2nd or 3rd degree burns involving 10% to 19% Total Body Surface,4,Admission,99%,King Fahd Central Hospital in Jazan,Jazan health directorate
7/21/2025,,M,6,By Private car/walk-in,,,,Blunt,101,15,20,Minor (All Other Injuries),No injury,No injury,No injury,No injury,No injury,1,Admission,100%,King Fahd Central Hospital in Jazan,Jazan health directorate
7/21/2025,,M,24,Transferred from another hospital,7/21/25 8:53,7/21/25 10:04,1:11,Blunt,112,13,18,Minor (All Other Injuries),No injury,No injury,No injury,No injury,No injury,1,Admission,98%,King Fahd Central Hospital in Jazan,Jazan health directorate
7/21/2025,,M,30,By Red crescent,,,,Blunt,142,15,20,No injury,No injury,No injury,No injury,Moderate: Fractures (upper or lower extremity) not open,No injury,4,Admission,100%,sabya General Hospital,Jazan health directorate
7/22/2025,,M,17,By Private car/walk-in,,,,Penetrating,102,15,20,No injury,No injury,No injury,Minor (All Other Injuries),No injury,No injury,1,Admission,99%,sabya General Hospital,Jazan health directorate
7/22/2025,,M,22,By Red crescent,,,,Blunt,131,15,22,No injury,No injury,Moderate: Simple Pneumothorax,No injury,No injury,No injury,4,Admission,100%,sabya General Hospital,Jazan health directorate
7/23/2025,,M,20,By Red crescent,,,,Blunt,118,15,20,Severe: Open or depressed skull fracture,No injury,No injury,No injury,No injury,No injury,16,Admission,99%,Ahd Almasarha General Hospital,Jazan health directorate
7/23/2025,,M,38,By Red crescent,,,,Penetrating,89,15,27,No injury,No injury,Serious: Hemothorax,No injury,Moderate: Vascualr injury (upper or lower extremity) without major blood loss,Serious: Near drowning without neurological deficit,22,Transferred to another hospital,96%,Alhorath General Hospital,Jazan health directorate
7/24/2025,,M,9,By Private car/walk-in,,,,Blunt,121,15,20,No injury,No injury,No injury,No injury,No injury,No injury,0,Discharged home,100%,Bani Malek General Hospital,Jazan health directorate
7/24/2025,,M,45,By Red crescent,,,,Blunt,180,14,22,Moderate: Intra-ventricular hemorrhage or subarachnoid hemorrhage,No injury,No injury,No injury,No injury,No injury,4,Transferred to another hospital,100%,sabya General Hospital,Jazan health directorate
7/25/2025,,M,65,By Red crescent,,,,Blunt,140,15,15,No injury,No injury,Minor (All Other Injuries),No injury,No injury,No injury,1,Transferred to another hospital,100%,Alreath General Hospital,Jazan health directorate
7/25/2025,,M,45,By Red crescent,,,,Blunt,130,15,13,No injury,No injury,No injury,No injury,Minor (All Other Injuries),No injury,1,Discharged home,98%,Alreath General Hospital,Jazan health directorate
7/26/2025,,M,13,By Private car/walk-in,,,,Blunt,123,15,15,"Moderate: Tiny Epidural, Subdural, or Intracerebral  Hematoma",No injury,No injury,No injury,No injury,No injury,4,Discharged home,100%,Almwassam General Hospital,Jazan health directorate
7/26/2025,,F,27,By Red crescent,,,,Blunt,112,15,20,No injury,Minor (All Other Injuries),No injury,No injury,Moderate: Fractures (upper or lower extremity) not open,No injury,5,Transferred to another hospital,100%,Damad General Hospital,Jazan health directorate
7/27/2025,,M,39,By Red crescent,,,,Penetrating,106,14,18,No injury,No injury,No injury,"Severe: Small bowel, Colon, or rectal injury massive complex tissue loss",Minor (All Other Injuries),No injury,17,Transferred to another hospital,98%,Alhorath General Hospital,Jazan health directorate
7/28/2025,,M,4,By Private car/walk-in,,,,Blunt,101,15,20,No injury,No injury,No injury,No injury,Minor (All Other Injuries),No injury,1,Admission,100%,Almwassam General Hospital,Jazan health directorate
7/28/2025,,M,22,By Private car/walk-in,,,,Blunt,135,15,13,No injury,No injury,No injury,No injury,Minor (All Other Injuries),No injury,1,Discharged home,100%,Alreath General Hospital,Jazan health directorate
7/28/2025,,F,18,By Private car/walk-in,,,,Blunt,131,15,14,No injury,No injury,No injury,No injury,Minor (All Other Injuries),No injury,1,Discharged home,100%,Alreath General Hospital,Jazan health directorate
7/28/2025,,M,14,By Private car/walk-in,,,,Blunt,125,15,13,No injury,No injury,No injury,No injury,Minor (All Other Injuries),No injury,1,Discharged home,100%,Alreath General Hospital,Jazan health directorate
7/28/2025,,M,25,By Red crescent,,,,Penetrating,133,15,22,No injury,No injury,No injury,"Moderate: Small bowel, Colon, or rectal injury less than 50% circumference",No injury,No injury,4,Admission,99%,sabya General Hospital,Jazan health directorate
7/31/2025,,M,21,By Red crescent,,,,Blunt,121,15,19,No injury,No injury,No injury,No injury,Moderate: Fractures (upper or lower extremity) not open,No injury,4,Admission,100%,sabya General Hospital,Jazan health directorate
7/31/2025,,M,21,By Red crescent,,,,Blunt,114,15,20,No injury,No injury,No injury,No injury,Moderate: Fractures (upper or lower extremity) not open,No injury,4,Admission,100%,sabya General Hospital,Jazan health directorate
7/31/2025,,M,18,By Red crescent,,,,Blunt,122,15,18,No injury,No injury,No injury,No injury,Moderate: Fractures (upper or lower extremity) not open,No injury,4,Admission,100%,sabya General Hospital,Jazan health directorate
8/1/2025,,M,17,By Private car/walk-in,,,,Blunt,100,15,20,No injury,No injury,No injury,No injury,Minor (All Other Injuries),No injury,1,Admission,100%,Beesh General Hospital,Jazan health directorate
8/1/2025,,M,17,By Private car/walk-in,,,,Blunt,121,15,18,No injury,No injury,No injury,No injury,Moderate: Fractures (upper or lower extremity) not open,No injury,4,Admission,100%,King Fahd Central Hospital in Jazan,Jazan health directorate
8/1/2025,,M,28,By Red crescent,,,,Penetrating,122,15,18,No injury,No injury,No injury,No injury,Moderate: Vascualr injury (upper or lower extremity) without major blood loss,No injury,4,Admission,99%,King Fahd Central Hospital in Jazan,Jazan health directorate
8/1/2025,,M,13,By Red crescent,,,,Blunt,111,15,21,No injury,No injury,No injury,No injury,Moderate: Fractures (upper or lower extremity) not open,No injury,4,Admission,100%,sabya General Hospital,Jazan health directorate
8/1/2025,,M,9,By Private car/walk-in,,,,Blunt,123,15,19,No injury,No injury,No injury,No injury,Moderate: Fractures (upper or lower extremity) not open,No injury,4,Admission,100%,sabya General Hospital,Jazan health directorate
8/2/2025,,M,22,By Red crescent,,,,Penetrating,65,15,23,No injury,No injury,No injury,No injury,Minor (All Other Injuries),Minor (All Other Injuries),2,Transferred to another hospital,98%,Alhorath General Hospital,Jazan health directorate
8/2/2025,,M,24,By Private car/walk-in,,,,Penetrating,80,8,22,No injury,No injury,No injury,No injury,Moderate: Vascualr injury (upper or lower extremity) without major blood loss,Minor (All Other Injuries),5,Transferred to another hospital,91%,Alhorath General Hospital,Jazan health directorate
8/2/2025,,M,17,By Private car/walk-in,,,,Blunt,120,15,100,No injury,Minor (All Other Injuries),No injury,No injury,No injury,No injury,1,Admission,100%,Almwassam General Hospital,Jazan health directorate
8/2/2025,,M,19,By Private car/walk-in,,,,Blunt,100,15,20,No injury,No injury,No injury,No injury,Minor (All Other Injuries),No injury,1,Admission,100%,Beesh General Hospital,Jazan health directorate
8/2/2025,,M,51,By Private car/walk-in,,,,Blunt,136,15,18,No injury,No injury,No injury,No injury,Moderate: Fractures (upper or lower extremity) not open,No injury,4,Admission,100%,King Fahd Central Hospital in Jazan,Jazan health directorate
8/3/2025,,M,35,By Private car/walk-in,,,,Blunt,123,15,20,No injury,No injury,No injury,No injury,Moderate: Fractures (upper or lower extremity) not open,No injury,4,Transferred to another hospital,100%,Almwassam General Hospital,Jazan health directorate
8/3/2025,,M,30,By Private car/walk-in,,,,Blunt,124,15,20,No injury,No injury,No injury,No injury,No injury,No injury,0,Discharged home,100%,Bani Malek General Hospital,Jazan health directorate
8/3/2025,,M,33,By Private car/walk-in,,,,Blunt,103,15,18,No injury,No injury,No injury,No injury,Moderate: Fractures (upper or lower extremity) not open,No injury,4,Admission,100%,King Fahd Central Hospital in Jazan,Jazan health directorate
8/4/2025,,M,21,By Private car/walk-in,,,,Blunt,138,15,20,No injury,No injury,No injury,No injury,No injury,No injury,0,Discharged home,100%,Bani Malek General Hospital,Jazan health directorate
8/4/2025,,M,16,By Private car/walk-in,,,,Blunt,121,15,20,No injury,No injury,No injury,No injury,No injury,No injury,0,Discharged home,100%,Bani Malek General Hospital,Jazan health directorate
8/4/2025,,M,38,By Private car/walk-in,,,,Blunt,99,15,21,No injury,No injury,No injury,No injury,Minor (All Other Injuries),No injury,1,Admission,98%,Beesh General Hospital,Jazan health directorate
8/5/2025,,M,12,By Private car/walk-in,,,,Blunt,100,14,19,No injury,No injury,No injury,No injury,Minor (All Other Injuries),No injury,1,Admission,98%,Beesh General Hospital,Jazan health directorate
8/5/2025,,M,10,By Private car/walk-in,,,,Blunt,112,15,18,No injury,No injury,No injury,No injury,Moderate: Fractures (upper or lower extremity) not open,No injury,4,Admission,100%,King Fahd Central Hospital in Jazan,Jazan health directorate
8/5/2025,,F,49,By Red crescent,,,,Blunt,125,15,18,No injury,No injury,No injury,No injury,Moderate: Fractures (upper or lower extremity) not open,No injury,4,Admission,100%,King Fahd Central Hospital in Jazan,Jazan health directorate
8/6/2025,,M,46,By Private car/walk-in,,,,Penetrating,102,15,20,No injury,No injury,No injury,No injury,No injury,Minor (All Other Injuries),1,Admission,99%,King Fahd Central Hospital in Jazan,Jazan health directorate
8/6/2025,,M,24,By Red crescent,,,,Blunt,122,15,21,No injury,No injury,No injury,No injury,Serious: Open Fractures (upper or lower extremity),No injury,9,Admission,99%,sabya General Hospital,Jazan health directorate
8/7/2025,,M,36,By Private car/walk-in,,,,Blunt,122,15,15,No injury,No injury,No injury,No injury,Minor (All Other Injuries),No injury,1,Transferred to another hospital,100%,Almwassam General Hospital,Jazan health directorate
8/7/2025,,M,43,By Private car/walk-in,,,,Blunt,126,15,20,No injury,No injury,No injury,No injury,No injury,No injury,0,Discharged home,100%,Bani Malek General Hospital,Jazan health directorate
8/7/2025,,M,23,By Private car/walk-in,,,,Penetrating,100,15,20,No injury,No injury,No injury,No injury,Minor (All Other Injuries),No injury,1,Admission,99%,Beesh General Hospital,Jazan health directorate
8/8/2025,,M,10,By Private car/walk-in,,,,Blunt,121,15,20,No injury,No injury,No injury,No injury,No injury,No injury,0,Discharged home,100%,Bani Malek General Hospital,Jazan health directorate
8/8/2025,,M,21,By Private car/walk-in,,,,Blunt,124,15,19,No injury,No injury,No injury,No injury,No injury,No injury,0,Discharged home,100%,Bani Malek General Hospital,Jazan health directorate
8/8/2025,,M,19,By Private car/walk-in,,,,Blunt,100,15,18,No injury,No injury,No injury,Moderate: Liver laceration less than 3 cm deep,No injury,No injury,4,Admission,100%,King Fahd Central Hospital in Jazan,Jazan health directorate
8/9/2025,,M,43,By Private car/walk-in,,,,Blunt,130,15,14,No injury,Minor (All Other Injuries),No injury,No injury,No injury,No injury,1,Transferred to another hospital,100%,Alreath General Hospital,Jazan health directorate
8/9/2025,,M,53,By Private car/walk-in,,,,Blunt,98,15,20,Moderate: Simple undisplaced Skull Fracture,No injury,No injury,No injury,No injury,No injury,4,Admission,100%,King Fahd Central Hospital in Jazan,Jazan health directorate
8/10/2025,,M,21,By Private car/walk-in,,,,Blunt,116,15,15,No injury,No injury,No injury,No injury,Moderate: Fractures (upper or lower extremity) not open,No injury,4,Transferred to another hospital,100%,Alreath General Hospital,Jazan health directorate
8/10/2025,,M,44,By Private car/walk-in,,,,Blunt,123,15,20,No injury,No injury,No injury,No injury,No injury,No injury,0,Discharged home,100%,Bani Malek General Hospital,Jazan health directorate
8/10/2025,,M,42,By Private car/walk-in,,,,Blunt,116,15,22,No injury,No injury,No injury,No injury,No injury,No injury,0,Discharged home,100%,Bani Malek General Hospital,Jazan health directorate
8/10/2025,,M,29,By Private car/walk-in,,,,Blunt,119,15,19,No injury,No injury,No injury,No injury,No injury,No injury,0,Discharged home,100%,Bani Malek General Hospital,Jazan health directorate
8/10/2025,,M,21,By Private car/walk-in,,,,Blunt,115,15,20,No injury,No injury,No injury,No injury,No injury,Minor (All Other Injuries),1,Discharged home,100%,Damad General Hospital,Jazan health directorate
8/10/2025,,M,27,By Private car/walk-in,,,,Blunt,122,15,19,No injury,No injury,No injury,No injury,Moderate: Fractures (upper or lower extremity) not open,No injury,4,Admission,100%,sabya General Hospital,Jazan health directorate
8/11/2025,,M,28,By Red crescent,,,,Blunt,118,15,16,Minor (All Other Injuries),No injury,No injury,No injury,No injury,No injury,1,Admission,98%,Aldarb General Hospital,Jazan health directorate
8/11/2025,,F,29,By Private car/walk-in,,,,Penetrating,123,15,15,Minor (All Other Injuries),No injury,No injury,No injury,No injury,No injury,1,Transferred to another hospital,99%,Almwassam General Hospital,Jazan health directorate
8/11/2025,,M,20,By Private car/walk-in,,,,Blunt,139,15,14,No injury,No injury,No injury,No injury,Minor (All Other Injuries),No injury,1,Discharged home,100%,Alreath General Hospital,Jazan health directorate
8/11/2025,,F,25,By Private car/walk-in,,,,Blunt,138,15,20,No injury,No injury,No injury,No injury,No injury,No injury,0,Discharged home,100%,Bani Malek General Hospital,Jazan health directorate
8/11/2025,,M,41,By Private car/walk-in,,,,Blunt,125,14,18,No injury,No injury,No injury,No injury,Moderate: Fractures (upper or lower extremity) not open,No injury,4,Admission,100%,King Fahd Central Hospital in Jazan,Jazan health directorate
8/11/2025,,M,3,By Red crescent,,,,Blunt,131,15,20,Minor (All Other Injuries),Minor (All Other Injuries),Minor (All Other Injuries),No injury,No injury,No injury,3,Admission,100%,sabya General Hospital,Jazan health directorate
8/11/2025,,M,20,By Red crescent,,,,Blunt,105,3,20,"Severe: Small to Moderate Epidural, Subdural, or Intracerebral  Hematoma",No injury,No injury,Serious: Liver laceration more than 3 cm deep or with major duct involvment,No injury,No injury,25,Admission,68%,Samtah General Hospital,Jazan health directorate
8/11/2025,,M,9,By Red crescent,,,,Blunt,115,15,20,Minor (All Other Injuries),Minor (All Other Injuries),No injury,No injury,Serious: Open Fractures (upper or lower extremity),No injury,11,Admission,96%,Samtah General Hospital,Jazan health directorate
8/12/2025,,M,16,By Private car/walk-in,,,,Penetrating,110,15,18,No injury,No injury,No injury,No injury,Serious: Open Fractures (upper or lower extremity),No injury,9,Admission,99%,King Fahd Central Hospital in Jazan,Jazan health directorate
8/12/2025,,M,23,By Private car/walk-in,,,,Penetrating,115,15,18,No injury,No injury,No injury,No injury,No injury,Moderate: 2nd or 3rd degree burns involving 10% to 19% Total Body Surface,4,Admission,99%,King Fahd Central Hospital in Jazan,Jazan health directorate
8/12/2025,,M,30,By Private car/walk-in,,,,Blunt,124,15,18,No injury,No injury,No injury,No injury,Moderate: Fractures (upper or lower extremity) not open,No injury,4,Admission,100%,King Fahd Central Hospital in Jazan,Jazan health directorate
8/12/2025,,M,41,By Red crescent,,,,Blunt,146,15,19,No injury,No injury,No injury,No injury,Moderate: Fractures (upper or lower extremity) not open,No injury,4,Admission,100%,sabya General Hospital,Jazan health directorate
8/13/2025,,M,57,By Red crescent,,,,Blunt,114,15,20,Minor (All Other Injuries),Minor (All Other Injuries),Minor (All Other Injuries),Minor (All Other Injuries),Moderate: Fractures (upper or lower extremity) not open,No injury,6,Admission,97%,Alarda General Hospital,Jazan health directorate
8/13/2025,,M,58,By Private car/walk-in,,,,Blunt,124,15,15,No injury,No injury,No injury,No injury,No injury,No injury,0,Transferred to another hospital,100%,Almwassam General Hospital,Jazan health directorate
8/13/2025,,M,19,By Private car/walk-in,,,,Blunt,140,15,13,No injury,No injury,No injury,No injury,Minor (All Other Injuries),No injury,1,Discharged home,98%,Alreath General Hospital,Jazan health directorate
8/13/2025,,M,1,By Private car/walk-in,,,,Blunt,131,15,20,No injury,No injury,No injury,No injury,No injury,No injury,0,Discharged home,98%,Bani Malek General Hospital,Jazan health directorate
8/13/2025,,M,30,By Red crescent,,,,Blunt,70,3,26,Critical: Massive Brain Contusion,Severe: Penetrating face injury causing massive distruction to face including both eyes,Severe: Major Heamothorax (More than 1000 cc),No injury,No injury,"Unsurvivable: Explosion injury affecting whole body (multiple organ injury to brain, thorax, and/or abdomen with loss of one or more limbs)",75,Death in ED,1%,Jazan General Hospital,Jazan health directorate
8/14/2025,,M,44,By Private car/walk-in,,,,Blunt,124,15,20,No injury,No injury,No injury,No injury,No injury,No injury,0,Discharged home,100%,Bani Malek General Hospital,Jazan health directorate
8/14/2025,,M,25,By Red crescent,,,,Blunt,123,15,18,No injury,No injury,No injury,No injury,Moderate: Fractures (upper or lower extremity) not open,No injury,4,Admission,100%,King Fahd Central Hospital in Jazan,Jazan health directorate
8/14/2025,,M,22,By Red crescent,,,,Blunt,142,15,20,No injury,No injury,No injury,No injury,Moderate: Fractures (upper or lower extremity) not open,No injury,4,Admission,100%,sabya General Hospital,Jazan health directorate
8/15/2025,,M,24,By Private car/walk-in,,,,Penetrating,124,15,18,No injury,No injury,No injury,No injury,No injury,Moderate: 2nd or 3rd degree burns involving 10% to 19% Total Body Surface,4,Admission,99%,King Fahd Central Hospital in Jazan,Jazan health directorate
8/15/2025,,M,35,By Private car/walk-in,,,,Blunt,101,15,20,Minor (All Other Injuries),No injury,No injury,No injury,No injury,No injury,1,Admission,100%,King Fahd Central Hospital in Jazan,Jazan health directorate
8/16/2025,,M,17,By Private car/walk-in,,,,Blunt,107,15,32,No injury,No injury,No injury,No injury,No injury,No injury,0,Discharged home,100%,Bani Malek General Hospital,Jazan health directorate
8/17/2025,,M,33,By Red crescent,,,,Blunt,118,15,20,Severe: Open or depressed skull fracture,No injury,No injury,No injury,No injury,No injury,16,Admission,99%,Ahd Almasarha General Hospital,Jazan health directorate
8/17/2025,,M,17,By Red crescent,,,,Penetrating,89,15,27,No injury,No injury,Serious: Hemothorax,No injury,Moderate: Vascualr injury (upper or lower extremity) without major blood loss,Serious: Near drowning without neurological deficit,22,Transferred to another hospital,96%,Alhorath General Hospital,Jazan health directorate
8/17/2025,,M,21,By Private car/walk-in,,,,Penetrating,102,15,20,No injury,No injury,No injury,Minor (All Other Injuries),No injury,No injury,1,Admission,99%,sabya General Hospital,Jazan health directorate
8/17/2025,,M,22,By Red crescent,,,,Blunt,131,15,22,No injury,No injury,Moderate: Simple Pneumothorax,No injury,No injury,No injury,4,Admission,100%,sabya General Hospital,Jazan health directorate
8/18/2025,,M,21,By Red crescent,,,,Blunt,140,15,15,No injury,No injury,Minor (All Other Injuries),No injury,No injury,No injury,1,Transferred to another hospital,100%,Alreath General Hospital,Jazan health directorate
8/18/2025,,M,30,By Red crescent,,,,Blunt,130,15,13,No injury,No injury,No injury,No injury,Minor (All Other Injuries),No injury,1,Discharged home,98%,Alreath General Hospital,Jazan health directorate
8/18/2025,,M,22,By Private car/walk-in,,,,Blunt,121,15,20,No injury,No injury,No injury,No injury,No injury,No injury,0,Discharged home,100%,Bani Malek General Hospital,Jazan health directorate
8/18/2025,,M,20,By Red crescent,,,,Blunt,180,14,22,Moderate: Intra-ventricular hemorrhage or subarachnoid hemorrhage,No injury,No injury,No injury,No injury,No injury,4,Transferred to another hospital,100%,sabya General Hospital,Jazan health directorate
8/20/2025,,M,14,By Red crescent,,,,Penetrating,106,14,18,No injury,No injury,No injury,"Severe: Small bowel, Colon, or rectal injury massive complex tissue loss",Minor (All Other Injuries),No injury,17,Transferred to another hospital,98%,Alhorath General Hospital,Jazan health directorate
8/20/2025,,M,30,By Private car/walk-in,,,,Blunt,123,15,15,"Moderate: Tiny Epidural, Subdural, or Intracerebral  Hematoma",No injury,No injury,No injury,No injury,No injury,4,Discharged home,100%,Almwassam General Hospital,Jazan health directorate
8/20/2025,,M,6,By Red crescent,,,,Blunt,112,15,20,No injury,Minor (All Other Injuries),No injury,No injury,Moderate: Fractures (upper or lower extremity) not open,No injury,5,Transferred to another hospital,100%,Damad General Hospital,Jazan health directorate
8/20/2025,,M,20,By Red crescent,,,,Penetrating,133,15,22,No injury,No injury,No injury,"Moderate: Small bowel, Colon, or rectal injury less than 50% circumference",No injury,No injury,4,Admission,99%,sabya General Hospital,Jazan health directorate
8/21/2025,,F,57,By Private car/walk-in,,,,Blunt,101,15,20,No injury,No injury,No injury,No injury,Minor (All Other Injuries),No injury,1,Admission,100%,Almwassam General Hospital,Jazan health directorate
8/21/2025,,M,21,By Private car/walk-in,,,,Blunt,135,15,13,No injury,No injury,No injury,No injury,Minor (All Other Injuries),No injury,1,Discharged home,100%,Alreath General Hospital,Jazan health directorate
8/21/2025,,F,22,By Private car/walk-in,,,,Blunt,131,15,14,No injury,No injury,No injury,No injury,Minor (All Other Injuries),No injury,1,Discharged home,100%,Alreath General Hospital,Jazan health directorate
8/21/2025,,F,2,By Private car/walk-in,,,,Blunt,125,15,13,No injury,No injury,No injury,No injury,Minor (All Other Injuries),No injury,1,Discharged home,100%,Alreath General Hospital,Jazan health directorate
8/22/2025,,F,24,By Red crescent,,,,Blunt,121,15,19,No injury,No injury,No injury,No injury,Moderate: Fractures (upper or lower extremity) not open,No injury,4,Admission,100%,sabya General Hospital,Jazan health directorate
8/22/2025,,F,32,By Red crescent,,,,Blunt,114,15,20,No injury,No injury,No injury,No injury,Moderate: Fractures (upper or lower extremity) not open,No injury,4,Admission,100%,sabya General Hospital,Jazan health directorate
8/23/2025,,F,100,By Red crescent,,,,Blunt,122,15,18,No injury,No injury,No injury,No injury,Moderate: Fractures (upper or lower extremity) not open,No injury,4,Admission,100%,sabya General Hospital,Jazan health directorate
8/24/2025,,F,43,Transferred from another hospital,7/1/25 8:31,7/1/25 10:25,9/7/25 1:54,Blunt,103,15,20,Moderate: Simple undisplaced Skull Fracture,Minor (All Other Injuries),Moderate: Multiple rib fractures,No injury,No injury,No injury,9,Admission,99%,King Fahd Central Hospital in Jazan,Jazan health directorate
8/26/2025,,F,13,Transferred from another hospital,7/1/25 9:14,7/1/25 11:11,9/7/25 1:57,Penetrating,102,15,18,No injury,No injury,No injury,No injury,Serious: Open Fractures (upper or lower extremity),No injury,9,Admission,99%,King Fahd Central Hospital in Jazan,Jazan health directorate
8/26/2025,,F,20,Transferred from another hospital,7/2/25 9:18,7/2/25 10:27,9/7/25 1:09,Blunt,103,7,20,"Severe: Small to Moderate Epidural, Subdural, or Intracerebral  Hematoma",Minor (All Other Injuries),No injury,No injury,No injury,No injury,17,Admission,95%,King Fahd Central Hospital in Jazan,Jazan health directorate
8/26/2025,,F,38,Transferred from another hospital,7/2/25 9:44,7/2/25 11:57,9/7/25 2:13,Penetrating,134,15,18,No injury,No injury,No injury,No injury,No injury,Minor (All Other Injuries),1,Admission,99%,King Fahd Central Hospital in Jazan,Jazan health directorate
8/26/2025,,F,2,Transferred from another hospital,7/3/25 9:45,7/3/25 10:24,9/7/25 0:39,Penetrating,132,15,18,No injury,No injury,No injury,No injury,Minor (All Other Injuries),No injury,1,Transferred to another hospital,99%,King Fahd Central Hospital in Jazan,Jazan health directorate
9/1/2025,,M,34,By Private car/walk-in, , , ,Penetrating,10,3,1,Severe: Large Brain Contusion,No injury,No injury,No injury,Minor (All Other Injuries),No injury, ,Death in ED, ,Alhorath General Hospital,Jazan health directorate
9/1/2025,,M,26,By Private car/walk-in, , , ,Penetrating,150,15,22,No injury,No injury,No injury,Minor (All Other Injuries),Serious: Vascualr injury (upper or lower extremity) with major blood loss,Minor (All Other Injuries),11,Transferred to another hospital,0.9894,Alhorath General Hospital,Jazan health directorate
9/1/2025,,M,21,Transferred from another hospital,9/1/25 11:00,9/1/25 11:31,0:31,Blunt,123,7,18,Moderate: Intra-ventricular hemorrhage or subarachnoid hemorrhage,No injury,No injury,No injury,No injury,No injury,4,Admission,0.9827,King Fahd Central Hospital in Jazan,Jazan health directorate
9/1/2025,,F,11,Transferred from another hospital,9/1/25 2:00,9/1/25 3:09,1:09,Penetrating,103,15,18,No injury,No injury,No injury,No injury,Minor (All Other Injuries),No injury,1,Admission,0.9945,King Fahd Central Hospital in Jazan,Jazan health directorate
9/1/2025,,M,5,Transferred from another hospital,9/1/25 7:00,9/1/25 7:19,0:18,Blunt,98,15,20,No injury,No injury,Serious: Lung contusion,Moderate: Liver laceration less than 3 cm deep,No injury,No injury,9,Admission,0.9942,King Fahd Central Hospital in Jazan,Jazan health directorate
9/1/2025,,M,4,Transferred from another hospital,9/1/25 4:00,9/1/25 4:32,0:31,Penetrating,98,15,20,No injury,No injury,No injury,No injury,No injury,Critical: 2nd or 3rd degree burns involving 40% to 90% Total Body Surface,25,Admission,0.9741,King Fahd Central Hospital in Jazan,Jazan health directorate
9/1/2025,,M,24,By Private car/walk-in, , , ,Blunt,130,15,20,No injury,No injury,No injury,No injury,No injury,Minor (All Other Injuries),1,Transferred to another hospital,0.997,Damad General Hospital,Jazan health directorate
9/2/2025,,M,62,By Red crescent, , , ,Blunt,136,14,18,"Severe: Small to Moderate Epidural, Subdural, or Intracerebral  Hematoma",No injury,Moderate: Multiple rib fractures,No injury,Moderate: Fractures (upper or lower extremity) not open,No injury,24,Admission,0.895,King Fahd Central Hospital in Jazan,Jazan health directorate
9/2/2025,,F,39,By Private car/walk-in, , , ,Penetrating,12,15,18,No injury,No injury,No injury,No injury,No injury,Minor (All Other Injuries),1,Admission,0.9528,King Fahd Central Hospital in Jazan,Jazan health directorate
9/2/2025,,F,23,By Red crescent, , , ,Penetrating,103,3,20,Critical: Major penerating injury to skull (more than 2 cm deep),No injury,No injury,No injury,No injury,No injury,25,Admission,0.4759,King Fahd Central Hospital in Jazan,Jazan health directorate
9/2/2025,,M,19,Transferred from another hospital,9/2/25 8:50,9/2/25 9:55,1:04,Blunt,114,13,18,Minor (All Other Injuries),No injury,No injury,No injury,Moderate: Fractures (upper or lower extremity) not open,No injury,5,Admission,0.9958,King Fahd Central Hospital in Jazan,Jazan health directorate
9/2/2025,,M,1,By Private car/walk-in, , , ,Penetrating,98,15,20,No injury,No injury,No injury,No injury,Moderate: Amputation at wrist or ankle,No injury,4,Admission,0.9933,King Fahd Central Hospital in Jazan,Jazan health directorate
9/2/2025,,M,10,By Private car/walk-in, , , ,Penetrating,117,15,22,No injury,No injury,No injury,No injury,Minor (All Other Injuries),No injury,1,Discharged home,0.9945,Bani Malek General Hospital,Jazan health directorate
9/3/2025,,F,38,Transferred from another hospital,9/3/25 20:01,9/3/25 21:06,1:04,Penetrating,112,15,18,No injury,No injury,No injury,No injury,No injury,Moderate: 2nd or 3rd degree burns involving 10% to 19% Total Body Surface,4,Admission,0.9933,King Fahd Central Hospital in Jazan,Jazan health directorate
9/3/2025,,M,43,By Private car/walk-in, , , ,Blunt,121,15,17,No injury,No injury,No injury,No injury,No injury,No injury,0,Admission,0.9972,Alhorath General Hospital,Jazan health directorate
9/4/2025,,M,15,By Private car/walk-in, , , ,Blunt,102,15,20,No injury,No injury,No injury,No injury,Moderate: Fractures (upper or lower extremity) not open,No injury,4,Admission,0.9961,sabya General Hospital,Jazan health directorate
9/5/2025,,M,72,By Red crescent, , , ,Blunt,124,15,16,No injury,No injury,No injury,No injury,Moderate: Fractures (upper or lower extremity) not open,No injury,4,Admission,0.9784,King Fahd Central Hospital in Jazan,Jazan health directorate
9/5/2025,,M,33,Transferred from another hospital,9/5/25 0:00,9/5/25 2:25,2:25,Blunt,130,15,20,No injury,No injury,No injury,Moderate: Spleen laceration less than 3 cm deep,Moderate: Fractures (upper or lower extremity) not open,No injury,4,Admission,0.9961,sabya General Hospital,Jazan health directorate
9/5/2025,,M,27,By Red crescent, , , ,Blunt,125,15,17,No injury,Minor (All Other Injuries),No injury,No injury,No injury,No injury,1,Transferred to another hospital,0.997,Alhorath General Hospital,Jazan health directorate
9/5/2025,,M,24,By Red crescent, , , ,Penetrating,124,15,18,Minor (All Other Injuries),Minor (All Other Injuries),No injury,No injury,No injury,No injury,2,Admission,0.9941,King Fahd Central Hospital in Jazan,Jazan health directorate
9/5/2025,,M,21,Transferred from another hospital,9/5/25 12:35,9/5/25 13:39,1:04,Penetrating,132,15,18,No injury,No injury,No injury,No injury,Serious: Open Fractures (upper or lower extremity),No injury,9,Admission,0.9907,King Fahd Central Hospital in Jazan,Jazan health directorate
9/5/2025,,M,2,Transferred from another hospital,9/5/25 10:00,9/5/25 10:44,0:44,Penetrating,102,15,20,No injury,No injury,No injury,No injury,No injury,Moderate: 2nd or 3rd degree burns involving 10% to 19% Total Body Surface,4,Admission,0.9933,King Fahd Central Hospital in Jazan,Jazan health directorate
9/5/2025,,F,1,By Private car/walk-in, , , ,Penetrating,98,15,20,No injury,Minor (All Other Injuries),No injury,No injury,No injury,No injury,1,Discharged home,0.9945,King Fahd Central Hospital in Jazan,Jazan health directorate
9/5/2025,,M,23,By Red crescent, , , ,Penetrating,139,15,20,No injury,No injury,No injury,No injury,Serious: Open Fractures (upper or lower extremity),No injury,9,Transferred to another hospital,0.9907,Alhorath General Hospital,Jazan health directorate
9/5/2025,,M,26,Transferred from another hospital,9/5/25 1:20,9/5/25 3:03,1:43,Blunt,123,15,20,No injury,No injury,No injury,No injury,Moderate: Fractures (upper or lower extremity) not open,No injury,4,Admission,0.9961,sabya General Hospital,Jazan health directorate
9/5/2025,,M,35,By Red crescent, , , ,Penetrating,129,15,20,Moderate: Penetrating Neck Injury with tissue loss,No injury,Minor (All Other Injuries),No injury,No injury,No injury,5,Admission,0.9928,Alhorath General Hospital,Jazan health directorate
9/5/2025,,M,33,By Private car/walk-in, , , ,Blunt,130,15,20,Minor (All Other Injuries),No injury,No injury,No injury,No injury,No injury,1,Admission,0.997,Beesh General Hospital,Jazan health directorate
9/5/2025,,M,16,By Private car/walk-in, , , ,Blunt,140,15,20,No injury,No injury,No injury,No injury,Moderate: Fractures (upper or lower extremity) not open,No injury,4,Admission,0.9961,Beesh General Hospital,Jazan health directorate
9/5/2025,,M,13,By Private car/walk-in, , , ,Blunt,133,15,20,No injury,No injury,No injury,No injury,Moderate: Fractures (upper or lower extremity) not open,No injury,4,Admission,0.9961,Beesh General Hospital,Jazan health directorate
9/5/2025,,M,19,By Private car/walk-in, , , ,Blunt,140,15,20,No injury,No injury,No injury,No injury,Serious: Pelvic Ring Fracture (Open Book),No injury,9,Admission,0.9942,Beesh General Hospital,Jazan health directorate
9/6/2025,,M,71,Transferred from another hospital,9/6/25 3:00,9/6/25 3:58,0:58,Blunt,134,15,20,No injury,No injury,No injury,No injury,Moderate: Fractures (upper or lower extremity) not open,No injury,4,Admission,0.9784,King Fahd Central Hospital in Jazan,Jazan health directorate
9/6/2025,,M,21,Transferred from another hospital,9/6/25 5:00,9/6/25 5:37,0:36,Blunt,112,15,16,"Moderate: Tiny Epidural, Subdural, or Intracerebral  Hematoma",No injury,No injury,No injury,Moderate: Fractures (upper or lower extremity) not open,No injury,8,Admission,0.9946,King Fahd Central Hospital in Jazan,Jazan health directorate
9/6/2025,,M,17,By Private car/walk-in, , , ,Blunt,111,15,20,No injury,No injury,No injury,No injury,Moderate: Fractures (upper or lower extremity) not open,No injury,4,Admission,0.9961,sabya General Hospital,Jazan health directorate
9/6/2025,,M,15,By Red crescent, , , ,Penetrating,123,15,18,No injury,No injury,No injury,No injury,Serious: Open Fractures (upper or lower extremity),No injury,9,Admission,0.9907,King Fahd Central Hospital in Jazan,Jazan health directorate
9/6/2025,,F,1,By Private car/walk-in, , , ,Blunt,98,15,20,No injury,No injury,No injury,No injury,Moderate: Fractures (upper or lower extremity) not open,No injury,4,Discharged home,0.9961,King Fahd Central Hospital in Jazan,Jazan health directorate
9/6/2025,,M,43,By Red crescent, , , ,Blunt,133,15,19,No injury,No injury,No injury,No injury,Moderate: Fractures (upper or lower extremity) not open,No injury,4,Admission,0.9961,sabya General Hospital,Jazan health directorate
9/6/2025,,M,48,Transferred from another hospital,9/6/25 5:00,9/6/25 5:47,0:47,Blunt,124,15,18,No injury,Minor (All Other Injuries),No injury,No injury,No injury,No injury,1,Transferred to another hospital,0.997,King Fahd Central Hospital in Jazan,Jazan health directorate
9/6/2025,,M,25,By Red crescent, , , ,Blunt,106,5,22,"Severe: Small to Moderate Epidural, Subdural, or Intracerebral  Hematoma",Minor (All Other Injuries),Serious: Lung contusion,Minor (All Other Injuries),Moderate: Fractures (upper or lower extremity) not open,No injury,29,Admission,0.7678,Samtah General Hospital,Jazan health directorate
9/6/2025,,M,1,By Private car/walk-in, , , ,Blunt,82,15,20,No injury,No injury,No injury,No injury,No injury,Serious: 2nd or 3rd degree burns involving 20% to 29% Total Body Surface,9,Transferred to another hospital,0.9895,Samtah General Hospital,Jazan health directorate
9/6/2025,,M,59,By Private car/walk-in, , , ,Blunt,123,15,20,No injury,No injury,No injury,No injury,Minor (All Other Injuries),No injury,1,Transferred to another hospital,0.9831,Almwassam General Hospital,Jazan health directorate
9/7/2025,,M,4,Transferred from another hospital,9/7/25 4:00,9/7/25 4:41,0:40,Penetrating,103,15,18,No injury,No injury,No injury,No injury,No injury,Moderate: 2nd or 3rd degree burns involving 10% to 19% Total Body Surface,4,Admission,0.9933,King Fahd Central Hospital in Jazan,Jazan health directorate
9/8/2025,,M,58,Transferred from another hospital,9/8/25 9:00,9/8/25 9:42,0:42,Blunt,124,15,18,No injury,Minor (All Other Injuries),No injury,No injury,No injury,No injury,1,Admission,0.9831,King Fahd Central Hospital in Jazan,Jazan health directorate
9/9/2025,,M,71,By Red crescent, , , ,Blunt,155,15,18,No injury,No injury,No injury,No injury,Moderate: Fractures (upper or lower extremity) not open,No injury,4,Admission,0.9784,sabya General Hospital,Jazan health directorate
9/9/2025,,M,35,By Red crescent, , , ,Blunt,124,15,19,No injury,No injury,No injury,No injury,Moderate: Fractures (upper or lower extremity) not open,No injury,4,Admission,0.9961,sabya General Hospital,Jazan health directorate
9/9/2025,,F,15,Transferred from another hospital,9/9/25 20:40,9/9/25 21:49,1:09,Blunt,123,15,18,Minor (All Other Injuries),No injury,No injury,No injury,No injury,No injury,1,Transferred to another hospital,0.997,King Fahd Central Hospital in Jazan,Jazan health directorate
9/9/2025,,M,32,By Red crescent, , , ,Blunt,141,15,20,No injury,No injury,No injury,No injury,Moderate: Fractures (upper or lower extremity) not open,No injury,4,Admission,0.9961,sabya General Hospital,Jazan health directorate
9/9/2025,,M,16,By Private car/walk-in, , , ,Blunt,119,15,21,No injury,No injury,No injury,No injury,Moderate: Fractures (upper or lower extremity) not open,No injury,4,Admission,0.9961,sabya General Hospital,Jazan health directorate
9/9/2025,,F,85,By Red crescent, , , ,Blunt,114,15,20,No injury,No injury,No injury,No injury,Moderate: Fractures (upper or lower extremity) not open,No injury,4,Transferred to another hospital,0.9784,Damad General Hospital,Jazan health directorate
9/10/2025,,M,103,By Private car/walk-in, , , ,Blunt,134,15,18,No injury,No injury,No injury,No injury,Moderate: Fractures (upper or lower extremity) not open,No injury,4,Admission,0.9784,King Fahd Central Hospital in Jazan,Jazan health directorate
9/10/2025,,F,9,By Private car/walk-in, , , ,Penetrating,121,15,18,No injury,No injury,No injury,No injury,Minor (All Other Injuries),No injury,1,Admission,0.9945,King Fahd Central Hospital in Jazan,Jazan health directorate
9/10/2025,,M,6,Transferred from another hospital,9/10/25 13:01,9/10/25 14:06,1:04,Blunt,110,15,18,No injury,No injury,No injury,No injury,Moderate: Fractures (upper or lower extremity) not open,No injury,4,Admission,0.9961,King Fahd Central Hospital in Jazan,Jazan health directorate
9/10/2025,,M,73,By Red crescent, , , ,Blunt,116,15,20,No injury,No injury,No injury,No injury,Moderate: Fractures (upper or lower extremity) not open,No injury,4,Transferred to another hospital,0.9784,Damad General Hospital,Jazan health directorate
9/10/2025,,M,22,By Red crescent, , , ,Blunt,132,15,22,"Severe: Small to Moderate Epidural, Subdural, or Intracerebral  Hematoma",Moderate: Penetrating face injury tissue loss,No injury,No injury,Minor (All Other Injuries),Minor (All Other Injuries),21,Admission,0.9843,Abi Areesh General Hospital,Jazan health directorate
9/11/2025,,M,39,Transferred from another hospital,9/11/25 1:30,9/11/25 2:36,1:06,Blunt,132,15,19,No injury,No injury,No injury,No injury,Moderate: Fractures (upper or lower extremity) not open,No injury,4,Admission,0.9961,King Fahd Central Hospital in Jazan,Jazan health directorate
9/11/2025,,M,52,By Private car/walk-in, , , ,Blunt,124,15,19,No injury,No injury,No injury,No injury,Moderate: Amputation at wrist or ankle,No injury,4,Transferred to another hospital,0.9961,sabya General Hospital,Jazan health directorate
9/11/2025,,M,27,By Red crescent, , , ,Blunt,112,15,18,"Moderate: Tiny Epidural, Subdural, or Intracerebral  Hematoma",No injury,No injury,No injury,Serious: Open Fractures (upper or lower extremity),No injury,13,Admission,0.9919,King Fahd Central Hospital in Jazan,Jazan health directorate
9/11/2025,,M,78,Transferred from another hospital,9/11/25 14:40,9/11/25 15:48,1:07,Blunt,116,8,20,"Moderate: Tiny Epidural, Subdural, or Intracerebral  Hematoma",No injury,Serious: Rib fractures with flial chest,No injury,Moderate: Fractures (upper or lower extremity) not open,No injury,17,Admission,0.7707,King Fahd Central Hospital in Jazan,Jazan health directorate
9/11/2025,,M,16,Transferred from another hospital,9/11/25 3:50,9/11/25 4:57,1:07,Penetrating,126,15,18,No injury,No injury,No injury,No injury,Minor (All Other Injuries),No injury,1,Admission,0.9945,King Fahd Central Hospital in Jazan,Jazan health directorate
9/11/2025,,M,11,By Private car/walk-in, , , ,Blunt,112,15,18,No injury,No injury,No injury,Moderate: Liver laceration less than 3 cm deep,No injury,No injury,0,Admission,0.9972,King Fahd Central Hospital in Jazan,Jazan health directorate
9/11/2025,,F,7,Transferred from another hospital,9/11/25 14:40,9/11/25 15:48,1:07,Blunt,103,15,18,Moderate: Simple undisplaced Skull Fracture,Minor (All Other Injuries),No injury,No injury,No injury,No injury,5,Admission,0.9958,King Fahd Central Hospital in Jazan,Jazan health directorate
9/11/2025,,M,41,By Private car/walk-in, , , ,Penetrating,112,15,18,No injury,No injury,No injury,No injury,Minor (All Other Injuries),No injury,1,Admission,0.9945,King Fahd Central Hospital in Jazan,Jazan health directorate
9/12/2025,,M,70,By Private car/walk-in, , , ,Blunt,132,15,18,No injury,No injury,No injury,No injury,Moderate: Fractures (upper or lower extremity) not open,No injury,4,Admission,0.9784,King Fahd Central Hospital in Jazan,Jazan health directorate
9/12/2025,,F,39,By Red crescent, , , ,Blunt,126,15,18,Minor (All Other Injuries),No injury,Moderate: Multiple rib fractures,Minor (All Other Injuries),Moderate: Fractures (upper or lower extremity) not open,No injury,9,Admission,0.9942,King Fahd Central Hospital in Jazan,Jazan health directorate
9/12/2025,,F,39,By Red crescent, , , ,Blunt,123,15,18,No injury,No injury,Moderate: Multiple rib fractures,No injury,No injury,No injury,4,Admission,0.9961,King Fahd Central Hospital in Jazan,Jazan health directorate
9/12/2025,,M,27,By Red crescent, , , ,Blunt,151,15,17,No injury,Moderate: LeFort I Fracture or LeFort II Fracture,No injury,No injury,No injury,No injury,4,Transferred to another hospital,0.9961,Alhorath General Hospital,Jazan health directorate
9/12/2025,,M,20,Transferred from another hospital,9/12/25 20:00,9/12/25 23:28,3:28,Blunt,113,15,20,Minor (All Other Injuries),No injury,No injury,No injury,No injury,No injury,1,Admission,0.997,sabya General Hospital,Jazan health directorate
9/12/2025,,M,37,Transferred from another hospital,9/12/25 20:18,9/12/25 21:21,1:03,Blunt,124,14,18,Minor (All Other Injuries),No injury,No injury,No injury,No injury,No injury,1,Admission,0.997,King Fahd Central Hospital in Jazan,Jazan health directorate
9/13/2025,,M,59,Transferred from another hospital,9/13/25 15:30,9/13/25 16:36,1:06,Penetrating,126,15,18,No injury,No injury,No injury,No injury,No injury,Moderate: 2nd or 3rd degree burns involving 10% to 19% Total Body Surface,4,Admission,0.9793,King Fahd Central Hospital in Jazan,Jazan health directorate
9/13/2025,,M,87,Transferred from another hospital,9/13/25 20:40,9/13/25 21:47,1:07,Blunt,132,14,18,"Moderate: Tiny Epidural, Subdural, or Intracerebral  Hematoma",No injury,No injury,No injury,No injury,No injury,4,Admission,0.9784,King Fahd Central Hospital in Jazan,Jazan health directorate
9/13/2025,,M,62,By Private car/walk-in, , , ,Blunt,126,15,18,"Severe: Small to Moderate Epidural, Subdural, or Intracerebral  Hematoma",No injury,No injury,No injury,No injury,No injury,16,Admission,0.9432,King Fahd Central Hospital in Jazan,Jazan health directorate
9/13/2025,,M,34,Transferred from another hospital,9/13/25 4:20,9/13/25 5:24,1:04,Penetrating,132,15,18,No injury,No injury,No injury,No injury,Minor (All Other Injuries),No injury,1,Admission,0.9945,King Fahd Central Hospital in Jazan,Jazan health directorate
9/13/2025,,M,23,By Private car/walk-in, , , ,Blunt,119,15,20,No injury,No injury,No injury,No injury,Moderate: Fractures (upper or lower extremity) not open,No injury,4,Admission,0.9961,sabya General Hospital,Jazan health directorate
9/13/2025,,M,2,Transferred from another hospital,9/13/25 5:30,9/13/25 6:39,1:09,Penetrating,98,15,20,No injury,No injury,No injury,No injury,Moderate: Amputation at wrist or ankle,No injury,4,Admission,0.9933,King Fahd Central Hospital in Jazan,Jazan health directorate
9/13/2025,,M,70,Transferred from another hospital,9/13/25 3:45,9/13/25 4:52,1:07,Blunt,124,9,18,"Severe: Small to Moderate Epidural, Subdural, or Intracerebral  Hematoma",No injury,No injury,No injury,No injury,No injury,16,Admission,0.8862,King Fahd Central Hospital in Jazan,Jazan health directorate
9/13/2025,,M,26,By Private car/walk-in, , , ,Blunt,124,15,19,No injury,No injury,No injury,No injury,Moderate: Fractures (upper or lower extremity) not open,No injury,4,Admission,0.9961,sabya General Hospital,Jazan health directorate
9/14/2025,,F,59,By Red crescent, , , ,Blunt,151,15,20,No injury,No injury,No injury,No injury,Moderate: Fractures (upper or lower extremity) not open,No injury,4,Admission,0.9784,Damad General Hospital,Jazan health directorate
9/15/2025,,M,69,Transferred from another hospital,9/15/25 13:20,9/15/25 14:23,1:03,Blunt,126,15,18,No injury,No injury,No injury,No injury,Moderate: Fractures (upper or lower extremity) not open,No injury,4,Admission,0.9784,King Fahd Central Hospital in Jazan,Jazan health directorate
9/15/2025,,F,39,Transferred from another hospital,9/15/25 10:10,9/15/25 11:15,1:04,Blunt,131,15,18,Moderate: Intra-ventricular hemorrhage or subarachnoid hemorrhage,No injury,Minor (All Other Injuries),Moderate: Kidney laceration (less than 1 cm not reaching the collecting system) or small contusion,Moderate: Fractures (upper or lower extremity) not open,No injury,12,Admission,0.9925,King Fahd Central Hospital in Jazan,Jazan health directorate
9/15/2025,,M,9,Transferred from another hospital,9/15/25 20:01,9/15/25 21:02,1:01,Penetrating,106,15,18,No injury,No injury,No injury,No injury,Moderate: Amputation at wrist or ankle,No injury,4,Admission,0.9933,King Fahd Central Hospital in Jazan,Jazan health directorate
9/15/2025,,M,4,By Private car/walk-in, , , ,Blunt,104,15,18,No injury,No injury,No injury,No injury,Moderate: Fractures (upper or lower extremity) not open,No injury,4,Admission,0.9961,King Fahd Central Hospital in Jazan,Jazan health directorate
9/15/2025,,F,5,By Private car/walk-in, , , ,Penetrating,103,15,18,No injury,No injury,No injury,No injury,Minor (All Other Injuries),No injury,1,Admission,0.9945,King Fahd Central Hospital in Jazan,Jazan health directorate
9/17/2025,,M,14,By Private car/walk-in, , , ,Blunt,120,15,20,No injury,No injury,No injury,No injury,No injury,No injury,0,Discharged home,0.9972,Damad General Hospital,Jazan health directorate
9/17/2025,,M,16,By Private car/walk-in, , , ,Blunt,119,15,20,No injury,No injury,No injury,No injury,No injury,Minor (All Other Injuries),1,Discharged home,0.997,Damad General Hospital,Jazan health directorate
9/17/2025,,M,12,By Private car/walk-in, , , ,Blunt,110,15,20,No injury,No injury,No injury,No injury,Minor (All Other Injuries),No injury,1,Discharged home,0.997,Damad General Hospital,Jazan health directorate
9/18/2025,,M,32,By Red crescent, , , ,Blunt,111,15,19,No injury,No injury,No injury,No injury,Moderate: Fractures (upper or lower extremity) not open,No injury,4,Admission,0.9961,sabya General Hospital,Jazan health directorate
9/18/2025,,M,21,By Private car/walk-in, , , ,Blunt,124,15,20,No injury,No injury,No injury,No injury,No injury,No injury,0,Discharged home,0.9972,Bani Malek General Hospital,Jazan health directorate
9/19/2025,,M,47,By Red crescent, , , ,Blunt,118,15,20,Minor (All Other Injuries),No injury,No injury,No injury,No injury,Minor (All Other Injuries),2,Admission,0.9967,Aldarb General Hospital,Jazan health directorate
9/20/2025,,M,28,By Red crescent, , , ,Blunt,101,15,19,No injury,No injury,No injury,Minor (All Other Injuries),No injury,No injury,1,DAMA,0.997,sabya General Hospital,Jazan health directorate
9/20/2025,,F,9,Transferred from another hospital,8/20/25 5:17,8/20/25 6:36,1:19,Penetrating,114,15,18,No injury,No injury,No injury,Minor (All Other Injuries),No injury,No injury,1,Admission,0.9945,King Fahd Central Hospital in Jazan,Jazan health directorate
9/20/2025,,M,6,By Red crescent, , , ,Blunt,125,15,23,Moderate: Simple undisplaced Skull Fracture,No injury,No injury,No injury,No injury,No injury,4,Admission,0.9961,sabya General Hospital,Jazan health directorate
9/20/2025,,M,14,By Private car/walk-in, , , ,Blunt,121,15,20,No injury,No injury,No injury,No injury,Moderate: Fractures (upper or lower extremity) not open,No injury,4,Admission,0.9961,sabya General Hospital,Jazan health directorate
9/20/2025,,M,42,By Red crescent, , , ,Blunt,130,15,20,Minor (All Other Injuries),No injury,No injury,No injury,No injury,No injury,1,Discharged home,0.997,Damad General Hospital,Jazan health directorate
9/20/2025,,M,43,By Private car/walk-in, , , ,Blunt,140,15,20,No injury,No injury,No injury,No injury,Minor (All Other Injuries),No injury,1,Discharged home,0.997,Damad General Hospital,Jazan health directorate
9/23/2025,,M,6,By Private car/walk-in, , , ,Blunt,112,15,22,No injury,No injury,Moderate: Sternal fracture,No injury,No injury,No injury,4,Transferred to another hospital,0.9961,sabya General Hospital,Jazan health directorate
9/23/2025,,M,37,By Red crescent, , , ,Blunt,129,15,20,No injury,No injury,No injury,No injury,Moderate: Fractures (upper or lower extremity) not open,No injury,4,Admission,0.9961,Damad General Hospital,Jazan health directorate
9/23/2025,,M,20,By Red crescent, , , ,Blunt,128,14,20,No injury,No injury,No injury,No injury,Severe: Pelvic Ring Fracture (Open Book) with major bleeding,Minor (All Other Injuries),1,Discharged home,0.997,Damad General Hospital,Jazan health directorate
9/24/2025,,F,63,By Private car/walk-in, , , ,Blunt,111,15,18,No injury,No injury,No injury,No injury,Moderate: Fractures (upper or lower extremity) not open,No injury,4,Admission,0.9784,sabya General Hospital,Jazan health directorate
9/24/2025,,M,37,By Red crescent, , , ,Blunt,123,15,20,No injury,No injury,No injury,No injury,Moderate: Fractures (upper or lower extremity) not open,No injury,4,Admission,0.9961,sabya General Hospital,Jazan health directorate
9/24/2025,,M,26,By Red crescent, , , ,Blunt,121,15,20,No injury,No injury,No injury,No injury,Moderate: Fractures (upper or lower extremity) not open,No injury,4,Admission,0.9961,sabya General Hospital,Jazan health directorate
9/24/2025,,M,20,By Red crescent, , , ,Blunt,130,15,19,No injury,No injury,No injury,No injury,Moderate: Fractures (upper or lower extremity) not open,No injury,4,Admission,0.9961,Damad General Hospital,Jazan health directorate
9/24/2025,,M,13,By Red crescent, , , ,Blunt,122,15,20,No injury,Severe: Penetrating face injury causing massive distruction to face including both eyes,No injury,No injury,No injury,No injury,16,Discharged home,0.9896,Damad General Hospital,Jazan health directorate
9/26/2025,,M,40,By Private car/walk-in, , , ,Blunt,115,15,19,No injury,No injury,No injury,No injury,Moderate: Fractures (upper or lower extremity) not open,No injury,4,Admission,0.9961,sabya General Hospital,Jazan health directorate
9/29/2025,,M,87,By Red crescent, , , ,Blunt,155,15,19,No injury,No injury,No injury,No injury,Moderate: Fractures (upper or lower extremity) not open,No injury,4,Admission,0.9784,sabya General Hospital,Jazan health directorate
10/1/25 0:00,,M,37,By Private car/walk-in, , , ,Blunt,114,15,18,No injury,No injury,No injury,No injury,Moderate: Fractures (upper or lower extremity) not open,No injury,4,Admission,0.9961,King Fahd Central Hospital in Jazan,Jazan health directorate
10/1/25 0:00,,M,9,By Private car/walk-in, , , ,Blunt,99,15,22,No injury,No injury,No injury,No injury,Moderate: Fractures (upper or lower extremity) not open,No injury,4,Admission,0.9961,sabya General Hospital,Jazan health directorate
10/1/25 0:00,,M,37,By Private car/walk-in, , , ,Penetrating,112,15,18,No injury,No injury,No injury,No injury,Minor (All Other Injuries),No injury,1,Admission,0.9945,King Fahd Central Hospital in Jazan,Jazan health directorate
10/2/25 0:00,,M,14,By Private car/walk-in, , , ,Blunt,110,15,20,No injury,No injury,No injury,No injury,Moderate: Fractures (upper or lower extremity) not open,No injury,4,Admission,0.9961,sabya General Hospital,Jazan health directorate
10/2/25 0:00,,M,51,By Red crescent, , , ,Blunt,126,15,20,No injury,No injury,No injury,No injury,Serious: Vascualr injury (upper or lower extremity) with major blood loss,No injury,9,Transferred to another hospital,0.9942,sabya General Hospital,Jazan health directorate
10/2/25 0:00,,M,3,Transferred from another hospital,10/2/25 20:50,10/2/25 21:58,1:07,Blunt,87,9,20,No injury,No injury,Serious: Lung contusion,Moderate: Kidney laceration (less than 1 cm not reaching the collecting system) or small contusion,Minor (All Other Injuries),No injury,14,Admission,0.9668,King Fahd Central Hospital in Jazan,Jazan health directorate
10/2/25 0:00,,M,43,Transferred from another hospital,10/2/25 13:25,10/2/25 14:30,1:04,Penetrating,125,15,18,No injury,No injury,No injury,No injury,No injury,Severe: 2nd or 3rd degree burns involving 30% to 39% Total Body Surface,16,Admission,0.9854,King Fahd Central Hospital in Jazan,Jazan health directorate
10/2/25 0:00,,M,1,Transferred from another hospital,10/2/25 3:40,10/2/25 4:49,1:09,Blunt,98,15,18,No injury,Minor (All Other Injuries),No injury,No injury,No injury,No injury,1,Transferred to another hospital,0.997,King Fahd Central Hospital in Jazan,Jazan health directorate
10/2/25 10:54,,M,3,By Private car/walk-in, , , ,Penetrating,120,15,25,No injury,No injury,No injury,No injury,No injury,No injury,0,Admission,0.9948,Beesh General Hospital,Jazan health directorate
10/2/25 10:54,,M,18,By Private car/walk-in, , , ,Penetrating,135,15,20,No injury,No injury,No injury,No injury,No injury,No injury,0,Admission,0.9948,Beesh General Hospital,Jazan health directorate
10/2/25 11:16,,M,51,By Red crescent, , , ,Penetrating,154,15,20,Critical: C4 or below causing complete cord transection or contusion,No injury,No injury,No injury,No injury,No injury,25,Transferred to another hospital,0.9741,Beesh General Hospital,Jazan health directorate
10/2/25 11:16,,M,22,By Private car/walk-in, , , ,Penetrating,140,15,20,No injury,No injury,No injury,No injury,No injury,No injury,0,Admission,0.9948,Beesh General Hospital,Jazan health directorate
10/3/25 0:00,,M,51,Transferred from another hospital,10/3/25 23:01,10/3/25 0:10,1:05,Penetrating,124,15,18,No injury,No injury,No injury,No injury,No injury,Minor (All Other Injuries),1,Admission,0.9945,King Fahd Central Hospital in Jazan,Jazan health directorate
10/3/25 0:00,,M,22,Transferred from another hospital,10/3/25 1:40,10/3/25 2:48,1:07,Blunt,124,15,18,No injury,No injury,No injury,No injury,Moderate: Fractures (upper or lower extremity) not open,No injury,4,Admission,0.9961,King Fahd Central Hospital in Jazan,Jazan health directorate
10/3/25 0:00,,M,78,Transferred from another hospital,10/3/25 23:30,10/3/25 0:33,1:05,Blunt,134,15,18,"Critical: Large Epidural, Subdural, or Intracerebral  Hematoma",No injury,No injury,No injury,No injury,No injury,25,Admission,0.8868,King Fahd Central Hospital in Jazan,Jazan health directorate
10/3/25 0:00,,M,27,Transferred from another hospital,10/3/25 16:30,10/3/25 17:35,1:04,Blunt,114,15,18,No injury,No injury,No injury,No injury,Serious: Open Fractures (upper or lower extremity),No injury,9,Admission,0.9942,King Fahd Central Hospital in Jazan,Jazan health directorate
10/4/25 0:00,,F,10,Transferred from another hospital,10/4/25 15:20,10/4/25 16:25,1:04,Blunt,104,15,18,No injury,No injury,No injury,No injury,Moderate: Fractures (upper or lower extremity) not open,No injury,4,Admission,0.9961,King Fahd Central Hospital in Jazan,Jazan health directorate
10/4/25 0:00,,M,13,By Red crescent, , , ,Blunt,103,15,18,No injury,Minor (All Other Injuries),No injury,No injury,Moderate: Fractures (upper or lower extremity) not open,No injury,5,Admission,0.9958,King Fahd Central Hospital in Jazan,Jazan health directorate
10/5/25 0:00,,F,71,By Red crescent, , , ,Blunt,114,15,18,No injury,No injury,No injury,No injury,Moderate: Fractures (upper or lower extremity) not open,No injury,4,Admission,0.9784,King Fahd Central Hospital in Jazan,Jazan health directorate
10/5/25 9:48,,M,36,By Private car/walk-in, , , ,Blunt,123,15,15,Minor (All Other Injuries),Minor (All Other Injuries),No injury,No injury,No injury,No injury,2,Admission,0.9967,Almwassam General Hospital,Jazan health directorate
10/6/25 21:17,,M,47,By Private car/walk-in, , , ,Blunt,136,15,20,No injury,No injury,No injury,No injury,No injury,No injury,0,Discharged home,0.9972,Bani Malek General Hospital,Jazan health directorate
10/7/25 0:00,,M,1,Transferred from another hospital,10/7/25 10:10,10/7/25 11:13,1:03,Penetrating,98,15,20,No injury,No injury,No injury,No injury,No injury,Moderate: 2nd or 3rd degree burns involving 10% to 19% Total Body Surface,4,Admission,0.9933,King Fahd Central Hospital in Jazan,Jazan health directorate
10/7/25 0:00,,M,48,By Private car/walk-in, , , ,Penetrating,112,15,18,No injury,No injury,No injury,No injury,Minor (All Other Injuries),No injury,1,Admission,0.9945,King Fahd Central Hospital in Jazan,Jazan health directorate
10/7/25 3:22,,M,25,By Red crescent, , , ,Blunt,114,15,20,No injury,No injury,Serious: Rib fractures with flial chest,No injury,No injury,No injury,9,Admission,0.9942,Damad General Hospital,Jazan health directorate
10/7/25 13:39,,M,14,By Red crescent, , , ,Blunt,117,4,24,Moderate: Simple undisplaced Skull Fracture,No injury,No injury,No injury,No injury,No injury,4,Transferred to another hospital,0.9638,Ahd Almasarha General Hospital,Jazan health directorate
10/7/25 13:40,,M,11,By Red crescent, , , ,Blunt,98,12,22,Critical: Massive Brain Contusion,No injury,No injury,No injury,No injury,No injury,4,Transferred to another hospital,0.99,Ahd Almasarha General Hospital,Jazan health directorate
10/7/25 13:40,,M,17,By Red crescent, , , ,Blunt,112,15,22,No injury,No injury,No injury,No injury,Moderate: Fractures (upper or lower extremity) not open,No injury,4,Death in ED,0.9961,Ahd Almasarha General Hospital,Jazan health directorate
10/8/25 0:00,,M,1,Transferred from another hospital,10/7/25 19:01,10/7/25 20:03,1:01,Penetrating,98,15,20,No injury,No injury,No injury,No injury,No injury,Moderate: 2nd or 3rd degree burns involving 10% to 19% Total Body Surface,4,Admission,0.9933,King Fahd Central Hospital in Jazan,Jazan health directorate
10/8/25 19:57,,F,42,By Private car/walk-in, , , ,Blunt,128,15,20,No injury,No injury,No injury,No injury,No injury,No injury,0,Discharged home,0.9972,Bani Malek General Hospital,Jazan health directorate
10/8/25 20:50,,M,26,By Private car/walk-in, , , ,Blunt,123,15,15,No injury,Minor (All Other Injuries),No injury,No injury,No injury,No injury,1,Transferred to another hospital,0.997,Almwassam General Hospital,Jazan health directorate
10/9/25 0:00,,M,19,Transferred from another hospital,10/8/25 21:15,10/9/25 1:00,3:45,Blunt,119,15,20,No injury,No injury,No injury,No injury,Moderate: Fractures (upper or lower extremity) not open,No injury,4,Admission,0.9961,sabya General Hospital,Jazan health directorate
10/9/25 0:00,,M,25,Transferred from another hospital,10/9/25 19:40,10/9/25 20:46,1:02:00,Penetrating,142,15,20,No injury,No injury,No injury,No injury,No injury,Moderate: 2nd or 3rd degree burns involving 10% to 19% Total Body Surface,4,Admission,0.9933,King Fahd Central Hospital in Jazan,Jazan health directorate
10/9/25 0:00,,M,43,Transferred from another hospital,10/9/25 19:40,10/9/25 20:45,1:04,Penetrating,123,15,18,No injury,No injury,No injury,No injury,No injury,Minor (All Other Injuries),1,Transferred to another hospital,0.9945,King Fahd Central Hospital in Jazan,Jazan health directorate
10/9/25 0:00,,M,45,By Red crescent, , , ,Blunt,126,15,19,No injury,No injury,No injury,No injury,Moderate: Fractures (upper or lower extremity) not open,No injury,4,Admission,0.9961,sabya General Hospital,Jazan health directorate
10/9/25 9:40,,M,25,By Red crescent, , , ,Penetrating,114,6,22,No injury,No injury,Serious: Hemothorax,No injury,No injury,No injury,9,Admission,0.943,Abi Areesh General Hospital,Jazan health directorate
10/9/25 15:03,,M,32,By Private car/walk-in, , , ,Penetrating,126,15,22,No injury,No injury,No injury,No injury,No injury,No injury,0,Discharged home,0.9948,Bani Malek General Hospital,Jazan health directorate
10/10/25 0:00,,M,21,Transferred from another hospital,10/10/25 8:01,10/10/25 9:05,1:04,Blunt,114,14,18,"Moderate: Tiny Epidural, Subdural, or Intracerebral  Hematoma",No injury,No injury,No injury,No injury,No injury,4,Admission,0.9961,King Fahd Central Hospital in Jazan,Jazan health directorate
10/10/25 0:00,,F,2,Transferred from another hospital,10/10/25 21:40,10/10/25 22:42,1:01,Penetrating,98,15,20,No injury,No injury,No injury,No injury,No injury,Minor (All Other Injuries),1,Admission,0.9945,King Fahd Central Hospital in Jazan,Jazan health directorate
10/10/25 0:00,,M,15,Transferred from another hospital,10/10/25 19:30,10/10/25 20:32,1:01,Penetrating,112,15,18,No injury,Serious: Penetrating face injury with major blood loss (more than 20%),No injury,No injury,No injury,No injury,9,Transferred to another hospital,0.9907,King Fahd Central Hospital in Jazan,Jazan health directorate
10/10/25 11:22,,M,14,By Red crescent, , , ,Penetrating,135,15,24,"Critical: Large Epidural, Subdural, or Intracerebral  Hematoma",No injury,No injury,No injury,No injury,No injury,25,Discharged home,0.9741,Abi Areesh General Hospital,Jazan health directorate
10/11/25 0:00,,M,26,By Red crescent, , , ,Blunt,103,15,20,No injury,No injury,No injury,No injury,Moderate: Fractures (upper or lower extremity) not open,No injury,4,Admission,0.9961,sabya General Hospital,Jazan health directorate
10/11/25 0:00,,M,49,By Red crescent, , , ,Penetrating,90,13,18,Severe: Open or depressed skull fracture,No injury,No injury,No injury,Serious: Open Fractures (upper or lower extremity),No injury,25,Admission,0.9741,King Fahd Central Hospital in Jazan,Jazan health directorate
10/11/25 0:00,,F,26,By Private car/walk-in, , , ,Blunt,124,15,16,No injury,No injury,No injury,No injury,Moderate: Fractures (upper or lower extremity) not open,No injury,4,Admission,0.9961,King Fahd Central Hospital in Jazan,Jazan health directorate
10/11/25 0:00,,M,3,By Private car/walk-in, , , ,Penetrating,98,15,20,No injury,No injury,No injury,No injury,No injury,Moderate: 2nd or 3rd degree burns involving 10% to 19% Total Body Surface,4,Admission,0.9933,King Fahd Central Hospital in Jazan,Jazan health directorate
10/11/25 0:00,,M,2,Transferred from another hospital,10/11/25 15:30,10/11/25 16:35,1:04,Blunt,97,14,20,Moderate: Simple undisplaced Skull Fracture,No injury,No injury,No injury,No injury,No injury,4,Admission,0.9961,King Fahd Central Hospital in Jazan,Jazan health directorate
10/11/25 0:00,,M,103,Transferred from another hospital,10/11/25 3:40,10/11/25 4:45,1:04,Blunt,132,15,18,No injury,No injury,No injury,No injury,Moderate: Fractures (upper or lower extremity) not open,No injury,4,Admission,0.9784,King Fahd Central Hospital in Jazan,Jazan health directorate
10/12/25 0:00,,M,22,By Red crescent, , , ,Blunt,116,14,21,No injury,No injury,Minor (All Other Injuries),Moderate: Kidney laceration (less than 1 cm not reaching the collecting system) or small contusion,Moderate: Fractures (upper or lower extremity) not open,No injury,9,Transferred to another hospital,0.9942,sabya General Hospital,Jazan health directorate
10/12/25 0:00,,M,32,By Red crescent, , , ,Blunt,121,14,20,No injury,No injury,No injury,No injury,Moderate: Fractures (upper or lower extremity) not open,No injury,4,Transferred to another hospital,0.9961,sabya General Hospital,Jazan health directorate
10/12/25 0:00,,M,41,By Private car/walk-in, , , ,Blunt,114,15,18,No injury,No injury,No injury,No injury,Moderate: Fractures (upper or lower extremity) not open,No injury,4,Admission,0.9961,King Fahd Central Hospital in Jazan,Jazan health directorate
10/12/25 0:00,,M,47,By Private car/walk-in, , , ,Blunt,132,15,19,No injury,No injury,No injury,No injury,Moderate: Fractures (upper or lower extremity) not open,No injury,4,Transferred to another hospital,0.9961,sabya General Hospital,Jazan health directorate
10/13/25 0:00,,F,44,Transferred from another hospital,10/13/25 11:01,10/13/25 12:11,1:10,Penetrating,126,15,16,No injury,No injury,No injury,No injury,No injury,Minor (All Other Injuries),1,Admission,0.9945,King Fahd Central Hospital in Jazan,Jazan health directorate
10/13/25 0:00,,M,15,Transferred from another hospital,10/13/25 5:01,10/13/25 6:01,1:00,Blunt,124,15,16,Minor (All Other Injuries),No injury,No injury,No injury,No injury,No injury,1,Admission,0.997,King Fahd Central Hospital in Jazan,Jazan health directorate
10/13/25 0:00,,M,30,By Red crescent, , , ,Blunt,141,14,22,No injury,No injury,No injury,No injury,No injury,Critical: 2nd or 3rd degree burns involving 40% to 90% Total Body Surface,25,Transferred to another hospital,0.9782,sabya General Hospital,Jazan health directorate
10/13/25 0:00,,M,6,By Private car/walk-in, , , ,Blunt,109,15,23,Moderate: Simple undisplaced Skull Fracture,No injury,No injury,No injury,No injury,No injury,4,Transferred to another hospital,0.9961,sabya General Hospital,Jazan health directorate
10/13/25 16:03,,M,2,By Private car/walk-in, , , ,Blunt,112,15,36,No injury,No injury,No injury,No injury,No injury,No injury,0,Discharged home,0.9965,Bani Malek General Hospital,Jazan health directorate
10/14/25 0:00,,M,43,Transferred from another hospital,10/14/25 14:15,10/14/25 15:24,1:09,Penetrating,123,15,12,No injury,No injury,No injury,No injury,Serious: Open Fractures (upper or lower extremity),No injury,9,Admission,0.9907,King Fahd Central Hospital in Jazan,Jazan health directorate
10/14/25 0:00,,M,24,Transferred from another hospital,10/14/25 23:40,10/14/25 12:49,1:05,Penetrating,103,5,20,Unsurvivable: Massive destruction of skull and brain,Moderate: Penetrating face injury tissue loss,Serious: Hemothorax,Moderate: Spleen laceration less than 3 cm deep,No injury,No injury,75,Admission,0.0816,King Fahd Central Hospital in Jazan,Jazan health directorate
10/14/25 0:00,,M,19,By Red crescent, , , ,Penetrating,124,15,14,No injury,No injury,No injury,No injury,Serious: Open Fractures (upper or lower extremity),No injury,9,Admission,0.9907,King Fahd Central Hospital in Jazan,Jazan health directorate
10/14/25 8:00,,M,26,By Red crescent, , , ,Blunt,114,15,16,Minor (All Other Injuries),No injury,No injury,No injury,No injury,Minor (All Other Injuries),2,Admission,0.9967,Aldarb General Hospital,Jazan health directorate
10/14/25 8:00,,M,24,By Red crescent, , , ,Blunt,124,15,18,Minor (All Other Injuries),No injury,No injury,No injury,No injury,No injury,1,Admission,0.997,Aldarb General Hospital,Jazan health directorate
10/14/25 8:00,,M,25,By Red crescent, , , ,Blunt,116,15,18,Minor (All Other Injuries),No injury,No injury,No injury,No injury,No injury,1,Admission,0.997,Aldarb General Hospital,Jazan health directorate
10/15/25 0:00,,M,22,Transferred from another hospital,10/15/25 8:15,10/15/25 9:24,1:12:00,Blunt,114,15,16,No injury,No injury,No injury,No injury,Moderate: Fractures (upper or lower extremity) not open,No injury,4,Admission,0.9961,King Fahd Central Hospital in Jazan,Jazan health directorate
10/15/25 0:00,,M,15,Transferred from another hospital,10/15/25 12:12,10/15/25 13:22,1:10,Penetrating,114,15,12,No injury,Minor (All Other Injuries),No injury,No injury,Minor (All Other Injuries),No injury,2,Admission,0.9941,King Fahd Central Hospital in Jazan,Jazan health directorate
10/15/25 0:00,,M,25,Transferred from another hospital,10/15/25 8:35,10/15/25 9:42,1:07,Blunt,126,15,16,No injury,No injury,No injury,No injury,Moderate: Fractures (upper or lower extremity) not open,No injury,4,Transferred to another hospital,0.9961,King Fahd Central Hospital in Jazan,Jazan health directorate
10/16/25 0:00,,F,25,By Red crescent, , , ,Blunt,112,15,19,No injury,No injury,No injury,No injury,Moderate: Fractures (upper or lower extremity) not open,No injury,4,Admission,0.9961,sabya General Hospital,Jazan health directorate
10/16/2025,,M,9,Transferred from another hospital,10/16/25 14:44,10/16/25 15:55,1:10,Blunt,106,15,20,Minor (All Other Injuries),No injury,No injury,No injury,No injury,No injury,1,Admission,0.997,King Fahd Central Hospital in Jazan,Jazan health directorate
10/16/2025,,F,10,Transferred from another hospital,10/16/25 14:26,10/16/25 15:36,1:10,Blunt,116,7,18,Moderate: Simple undisplaced Skull Fracture,No injury,No injury,No injury,No injury,No injury,4,Admission,0.9827,King Fahd Central Hospital in Jazan,Jazan health directorate
10/16/2025,,F,7,Transferred from another hospital,10/16/25 15:25,10/16/25 16:30,1:04,Blunt,102,8,20,Moderate: Simple undisplaced Skull Fracture,No injury,No injury,No injury,No injury,No injury,4,Admission,0.9827,King Fahd Central Hospital in Jazan,Jazan health directorate
10/16/2025,,M,71,By Red crescent, , , ,Blunt,143,15,20,Minor (All Other Injuries),No injury,No injury,No injury,No injury,No injury,1,Transferred to another hospital,0.9831,Damad General Hospital,Jazan health directorate
10/16/2025,,M,25,By Red crescent, , , ,Blunt,125,15,17,Minor (All Other Injuries),No injury,No injury,No injury,No injury,No injury,1,Admission,0.997,Aldarb General Hospital,Jazan health directorate
10/16/2025,,M,14,By Red crescent, , , ,Blunt,128,15,18,No injury,No injury,No injury,No injury,No injury,Minor (All Other Injuries),1,Admission,0.997,Aldarb General Hospital,Jazan health directorate
10/17/2025,,M,10,By Private car/walk-in, , , ,Blunt,99,15,21,No injury,No injury,No injury,No injury,Moderate: Fractures (upper or lower extremity) not open,No injury,4,Admission,0.9961,sabya General Hospital,Jazan health directorate
10/17/2025,,M,34,Transferred from another hospital,10/17/25 21:01,10/17/25 22:06,1:04,Blunt,122,15,16,No injury,No injury,No injury,No injury,Moderate: Fractures (upper or lower extremity) not open,No injury,4,Admission,0.9961,King Fahd Central Hospital in Jazan,Jazan health directorate
10/17/2025,,F,65,By Private car/walk-in, , , ,Blunt,132,15,16,No injury,No injury,No injury,No injury,Minor (All Other Injuries),No injury,1,Admission,0.9831,King Fahd Central Hospital in Jazan,Jazan health directorate
10/17/2025,,M,2,By Private car/walk-in, , , ,Penetrating,98,15,20,No injury,No injury,No injury,No injury,Moderate: Amputation at wrist or ankle,No injury,4,Admission,0.9933,King Fahd Central Hospital in Jazan,Jazan health directorate
10/17/2025,,M,19,By Red crescent, , , ,Penetrating,124,15,18,No injury,No injury,Moderate: Simple Pneumothorax,No injury,Serious: Open Fractures (upper or lower extremity),No injury,13,Admission,0.988,King Fahd Central Hospital in Jazan,Jazan health directorate
10/17/2025,,M,25,By Red crescent, , , ,Blunt,114,15,18,Minor (All Other Injuries),No injury,No injury,No injury,No injury,No injury,1,Admission,0.997,Aldarb General Hospital,Jazan health directorate
10/18/2025,,M,24,By Red crescent, , , ,Blunt,75,7,22,Severe: Open or depressed skull fracture,No injury,No injury,No injury,Moderate: Fractures (upper or lower extremity) not open,No injury,20,Transferred to another hospital,0.8205,sabya General Hospital,Jazan health directorate
10/18/2025,,M,15,By Red crescent, , , ,Blunt,112,8,18,Severe: Open or depressed skull fracture,No injury,No injury,No injury,No injury,No injury,16,Admission,0.9543,King Fahd Central Hospital in Jazan,Jazan health directorate
10/18/2025,,M,35,Transferred from another hospital,10/18/25 10:01,10/18/25 11:14,1:13,Penetrating,112,15,16,No injury,No injury,Minor (All Other Injuries),Minor (All Other Injuries),Minor (All Other Injuries),No injury,3,Admission,0.9937,King Fahd Central Hospital in Jazan,Jazan health directorate
10/18/2025,,M,31,Transferred from another hospital,10/18/25 17:01,10/18/25 18:06,1:04,Penetrating,124,15,16,No injury,No injury,No injury,No injury,Minor (All Other Injuries),No injury,1,Admission,0.9945,King Fahd Central Hospital in Jazan,Jazan health directorate
10/18/2025,,M,15,By Red crescent, , , ,Blunt,111,9,20,Minor (All Other Injuries),No injury,No injury,No injury,No injury,No injury,1,Transferred to another hospital,0.9936,Beesh General Hospital,Jazan health directorate
10/18/2025,,M,44,By Red crescent, , , ,Blunt,115,15,18,Minor (All Other Injuries),Minor (All Other Injuries),No injury,No injury,No injury,No injury,2,Admission,0.9967,Aldarb General Hospital,Jazan health directorate
10/18/2025,,M,24,By Red crescent, , , ,Blunt,167,15,18,Minor (All Other Injuries),No injury,No injury,No injury,No injury,Minor (All Other Injuries),2,Admission,0.9967,Aldarb General Hospital,Jazan health directorate
10/19/2025,,F,5,Transferred from another hospital,10/19/25 3:20,10/19/25 4:27,1:07,Penetrating,103,15,18,No injury,No injury,No injury,No injury,No injury,Unsurvivable: 2nd or 3rd degree burns involving more than 90% Total Body Surface,75,Admission,0.5917,King Fahd Central Hospital in Jazan,Jazan health directorate
10/19/2025,,M,25,By Red crescent, , , ,Blunt,80,6,20,Moderate: Intra-ventricular hemorrhage or subarachnoid hemorrhage,Minor (All Other Injuries),Serious: Hemothorax,Moderate: Liver laceration less than 3 cm deep,Moderate: Fractures (upper or lower extremity) not open,Minor (All Other Injuries),17,Admission,0.9139,King Fahd Central Hospital in Jazan,Jazan health directorate
10/19/2025,,M,45,By Private car/walk-in, , , ,Blunt,110,15,19,No injury,No injury,No injury,No injury,Moderate: Fractures (upper or lower extremity) not open,No injury,4,Admission,0.9961,sabya General Hospital,Jazan health directorate
10/19/2025,,M,13,By Red crescent, , , ,Penetrating,140,15,20,No injury,No injury,No injury,No injury,No injury,No injury,0,Discharged home,0.9948,Beesh General Hospital,Jazan health directorate
10/19/2025,,M,18,By Red crescent, , , ,Blunt,127,15,20,No injury,No injury,No injury,No injury,No injury,Minor (All Other Injuries),1,DAMA,0.997,Fefa General Hospital,Jazan health directorate
10/19/2025,,M,39,By Private car/walk-in, , , ,Blunt,123,15,15,No injury,Minor (All Other Injuries),No injury,No injury,No injury,No injury,1,Transferred to another hospital,0.997,Almwassam General Hospital,Jazan health directorate
10/20/2025,,M,54,By Red crescent, , , ,Penetrating,124,15,20,No injury,No injury,No injury,No injury,Serious: Vascualr injury (upper or lower extremity) with major blood loss,No injury,9,Admission,0.9907,King Fahd Central Hospital in Jazan,Jazan health directorate
10/20/2025,,F,64,By Private car/walk-in, , , ,Blunt,128,15,19,No injury,No injury,No injury,No injury,Moderate: Fractures (upper or lower extremity) not open,No injury,4,Admission,0.9784,sabya General Hospital,Jazan health directorate
10/20/2025,,F,3,By Private car/walk-in, , , ,Penetrating,98,15,20,No injury,No injury,No injury,No injury,Minor (All Other Injuries),No injury,1,Admission,0.9945,King Fahd Central Hospital in Jazan,Jazan health directorate
10/20/2025,,M,33,Transferred from another hospital,10/20/25 23:15,10/20/25 0:22,0:54,Blunt,123,15,16,Severe: Open or depressed skull fracture,Minor (All Other Injuries),No injury,No injury,No injury,No injury,17,Admission,0.9887,King Fahd Central Hospital in Jazan,Jazan health directorate
10/21/2025,,F,9,By Private car/walk-in, , , ,Blunt,105,15,20,Minor (All Other Injuries),No injury,No injury,No injury,No injury,No injury,1,Admission,0.997,Almwassam General Hospital,Jazan health directorate
10/21/2025,,F,3,By Private car/walk-in, , , ,Blunt,123,15,20,Minor (All Other Injuries),No injury,No injury,No injury,No injury,No injury,1,Admission,0.997,Almwassam General Hospital,Jazan health directorate
10/22/2025,,M,34,By Red crescent, , , ,Blunt,123,15,20,No injury,No injury,No injury,No injury,Moderate: Fractures (upper or lower extremity) not open,No injury,4,Admission,0.9961,sabya General Hospital,Jazan health directorate
10/23/2025,,M,45,By Private car/walk-in, , , ,Blunt,142,15,19,No injury,No injury,No injury,No injury,Moderate: Fractures (upper or lower extremity) not open,No injury,4,Admission,0.9961,sabya General Hospital,Jazan health directorate
10/23/2025,,M,25,By Private car/walk-in, , , ,Blunt,129,15,19,No injury,No injury,No injury,No injury,Moderate: Fractures (upper or lower extremity) not open,No injury,4,Admission,0.9961,sabya General Hospital,Jazan health directorate
10/23/2025,,M,11,By Red crescent, , , ,Blunt,112,14,22,"Moderate: Tiny Epidural, Subdural, or Intracerebral  Hematoma",Minor (All Other Injuries),No injury,No injury,Moderate: Fractures (upper or lower extremity) not open,No injury,9,Admission,0.9942,Farasan General Hospital,Jazan health directorate
10/24/2025,,M,35,By Red crescent, , , ,Blunt,129,15,21,No injury,No injury,Moderate: Multiple rib fractures,No injury,No injury,No injury,4,Admission,0.9961,sabya General Hospital,Jazan health directorate
10/25/2025,,M,11,By Private car/walk-in, , , ,Blunt,102,15,20,No injury,Moderate: LeFort I Fracture or LeFort II Fracture,No injury,No injury,No injury,No injury,4,Admission,0.9961,sabya General Hospital,Jazan health directorate